id,first_name,last_name,email,country,ip_address,username
1,Phillip,Kelly,pkelly0@moonfruit.com,China,236.143.104.9,pkelly0
2,Nicole,Ford,nford1@webs.com,Nigeria,151.45.246.60,nford1
3,Chris,,cwebb2@mashable.com,Indonesia,97.27.5.226,cmendoza2
4,Maria,,mrobinson3@skype.com,Czech Republic,158.113.132.146,mcollins3
5,Michelle,Lynch,mlynch4@yahoo.co.jp,Nigeria,77.230.13.61,mlynch4
6,Alan,,aross5@cloudflare.com,Czech Republic,39.21.12.161,asims5
7,Ernest,,eoliver6@plala.or.jp,China,114.172.12.232,esmith6
8,Stephen,,sjohnston7@tumblr.com,Nepal,74.101.139.182,ssimmons7
9,Louis,Cole,lcole8@xing.com,France,111.76.66.18,lcole8
10,Barbara,,bmorales9@oakley.com,Nicaragua,124.141.250.124,bsullivan9
11,Jeremy,Gordon,jgordona@infoseek.co.jp,Russia,29.13.139.166,jgordona
12,Mildred,Lawson,mlawsonb@163.com,Greece,192.144.207.4,mlawsonb
13,Janet,Mitchell,jmitchellc@telegraph.co.uk,Indonesia,78.193.251.160,jmitchellc
14,Harry,,holsond@exblog.jp,Canada,33.8.150.18,hpayned
15,Jennifer,Welch,jwelche@freewebs.com,Canada,176.164.223.191,jwelche
16,Walter,Marshall,wmarshallf@foxnews.com,Iran,167.19.186.109,wmarshallf
17,Melissa,Jackson,mjacksong@list-manage.com,Russia,108.105.222.116,mjacksong
18,Keith,Scott,kscotth@cbc.ca,Philippines,142.6.192.97,kscotth
19,Victor,Warren,vwarreni@go.com,Indonesia,170.19.204.42,vwarreni
20,Raymond,Gonzalez,rgonzalezj@weibo.com,Japan,169.118.124.151,rgonzalezj
21,Joe,,jnguyenk@netscape.com,Portugal,148.127.143.238,jmeyerk
22,Amy,Garrett,agarrettl@freewebs.com,Nigeria,94.245.15.226,agarrettl
23,Chris,,cblackm@posterous.com,Portugal,166.143.251.172,cmorganm
24,Kevin,Harris,kharrisn@sohu.com,Philippines,35.4.187.36,kharrisn
25,Nancy,Greene,ngreeneo@nsw.gov.au,Russia,40.188.225.84,ngreeneo
26,Andrea,Hunt,ahuntp@amazonaws.com,Philippines,250.128.25.51,ahuntp
27,Joseph,Gomez,jgomezq@who.int,Portugal,154.117.88.180,jgomezq
28,Maria,Parker,mparkerr@google.pl,Philippines,58.142.134.25,mparkerr
29,Amanda,Campbell,acampbells@clickbank.net,Estonia,90.96.107.194,acampbells
30,Brenda,,bramirezt@spotify.com,Sudan,14.202.22.1,blanet
31,Ernest,Carter,ecarteru@vistaprint.com,Colombia,126.12.32.240,ecarteru
32,Aaron,Green,agreenv@xinhuanet.com,Ethiopia,33.59.44.61,agreenv
33,Ralph,Diaz,rdiazw@intel.com,Philippines,32.89.238.207,rdiazw
34,Dennis,,dporterx@theglobeandmail.com,Russia,82.95.189.180,dfranklinx
35,Randy,Bailey,rbaileyy@arstechnica.com,Russia,213.84.214.254,rbaileyy
36,Amy,Robertson,arobertsonz@blogger.com,China,64.169.130.12,arobertsonz
37,Doris,Cruz,dcruz10@typepad.com,Brazil,9.105.162.57,dcruz10
38,Amanda,Payne,apayne11@imgur.com,Greece,33.140.67.74,apayne11
39,Betty,Riley,briley12@zdnet.com,Philippines,104.88.135.56,briley12
40,Juan,Wilson,jwilson13@google.pl,Brazil,220.42.200.0,jwilson13
41,Carlos,,crichardson14@diigo.com,United States,151.157.121.129,cwilliamson14
42,Doris,Alexander,dalexander15@prnewswire.com,South Korea,92.209.254.66,dalexander15
43,Alan,Vasquez,avasquez16@adobe.com,China,129.32.114.149,avasquez16
44,Amy,,amitchell17@lycos.com,Senegal,83.82.150.56,alewis17
45,Barbara,Mills,bmills18@diigo.com,Indonesia,7.103.168.217,bmills18
46,Janice,Bennett,jbennett19@japanpost.jp,Philippines,235.244.210.137,jbennett19
47,Raymond,Powell,rpowell1a@deviantart.com,Argentina,163.73.248.40,rpowell1a
48,Ashley,Gardner,agardner1b@prweb.com,United States,100.62.71.97,agardner1b
49,Lisa,,lphillips1c@opensource.org,Thailand,220.54.159.40,lgomez1c
50,Elizabeth,Henry,ehenry1d@woothemes.com,Argentina,149.140.152.146,ehenry1d
51,George,,gcarpenter1e@howstuffworks.com,Japan,81.95.98.68,glewis1e
52,Joan,,jshaw1f@live.com,Japan,152.6.43.135,jnelson1f
53,Kevin,Gilbert,kgilbert1g@meetup.com,Brazil,83.23.204.160,kgilbert1g
54,Kenneth,Hanson,khanson1h@shinystat.com,France,42.184.14.169,khanson1h
55,Lori,Kim,lkim1i@e-recht24.de,China,193.208.255.3,lkim1i
56,Heather,Watkins,hwatkins1j@msn.com,South Korea,235.145.189.181,hwatkins1j
57,Shawn,Jackson,sjackson1k@guardian.co.uk,Canada,100.91.240.34,sjackson1k
58,Henry,Garza,hgarza1l@whitehouse.gov,Egypt,134.205.240.93,hgarza1l
59,Paula,Watson,pwatson1m@imdb.com,China,82.203.167.117,pwatson1m
60,Susan,Wheeler,swheeler1n@freewebs.com,Sweden,207.69.95.198,swheeler1n
61,Marie,,mhunt1o@pinterest.com,Colombia,79.250.149.59,mowens1o
62,Jonathan,Mendoza,jmendoza1p@amazon.de,Brazil,178.83.126.148,jmendoza1p
63,Cheryl,,clopez1q@nsw.gov.au,Poland,171.205.95.27,cchavez1q
64,Carlos,,cgilbert1r@wikimedia.org,Indonesia,47.254.144.186,cschmidt1r
65,Anne,Ellis,aellis1s@discovery.com,Indonesia,7.43.181.14,aellis1s
66,Ann,Carroll,acarroll1t@mashable.com,Nepal,21.43.61.112,acarroll1t
67,Anne,Lane,alane1u@harvard.edu,Colombia,166.190.71.186,alane1u
68,Scott,,salexander1v@oracle.com,Philippines,242.131.170.234,scrawford1v
69,Andrew,Mills,amills1w@networksolutions.com,Sweden,16.111.89.167,amills1w
70,Jesse,Sanders,jsanders1x@biblegateway.com,Philippines,193.198.139.27,jsanders1x
71,Martin,Cunningham,mcunningham1y@cyberchimps.com,Brazil,238.22.212.92,mcunningham1y
72,Donald,Johnston,djohnston1z@usnews.com,China,156.200.95.17,djohnston1z
73,Ruth,Rivera,rrivera20@shop-pro.jp,Brazil,79.80.94.193,rrivera20
74,Willie,Morgan,wmorgan21@delicious.com,China,143.213.231.67,wmorgan21
75,Todd,,tshaw22@etsy.com,Indonesia,130.164.136.19,tjordan22
76,Susan,Stevens,sstevens23@webmd.com,China,228.101.187.251,sstevens23
77,Judy,Ward,jward24@behance.net,Philippines,212.252.179.86,jward24
78,Robert,Parker,rparker25@gizmodo.com,Honduras,37.95.218.178,rparker25
79,Peter,,pmartin26@cmu.edu,Greece,7.104.220.193,pharrison26
80,Kelly,Lane,klane27@smh.com.au,Iran,243.42.149.2,klane27
81,Donna,Sanchez,dsanchez28@a8.net,United Arab Emirates,59.175.143.133,dsanchez28
82,Sean,,sspencer29@wisc.edu,Portugal,37.195.62.202,ssimmons29
83,Eric,Crawford,ecrawford2a@themeforest.net,Netherlands,91.196.116.30,ecrawford2a
84,Nancy,Parker,nparker2b@ebay.com,China,22.98.225.152,nparker2b
85,Kathy,Jordan,kjordan2c@nasa.gov,France,135.208.73.90,kjordan2c
86,Phillip,Rivera,privera2d@yale.edu,Yemen,15.100.195.154,privera2d
87,Stephanie,Graham,sgraham2e@fotki.com,Tanzania,100.14.243.188,sgraham2e
88,Paula,,pross2f@ifeng.com,China,170.245.232.242,pbarnes2f
89,Helen,Murray,hmurray2g@prnewswire.com,Japan,243.246.41.130,hmurray2g
90,Martha,Hughes,mhughes2h@oaic.gov.au,Russia,175.100.85.176,mhughes2h
91,Jacqueline,Nichols,jnichols2i@drupal.org,France,95.26.198.81,jnichols2i
92,Matthew,Berry,mberry2j@technorati.com,Indonesia,231.122.26.119,mberry2j
93,Carlos,Carpenter,ccarpenter2k@house.gov,France,171.195.10.78,ccarpenter2k
94,Joshua,Lee,jlee2l@zimbio.com,Portugal,238.53.254.56,jlee2l
95,Peter,George,pgeorge2m@cornell.edu,Bosnia and Herzegovina,212.8.230.23,pgeorge2m
96,Julia,Fox,jfox2n@lulu.com,Philippines,5.249.179.90,jfox2n
97,Matthew,Grant,mgrant2o@tamu.edu,Peru,209.123.210.124,mgrant2o
98,Shawn,Duncan,sduncan2p@themeforest.net,Indonesia,220.76.186.151,sduncan2p
99,Walter,Garrett,wgarrett2q@t.co,Dominican Republic,241.181.15.175,wgarrett2q
100,Johnny,Murphy,jmurphy2r@imdb.com,Finland,127.1.185.212,jmurphy2r
101,Maria,,mreid2s@reverbnation.com,Denmark,10.65.226.215,mburns2s
102,Joyce,Mcdonald,jmcdonald2t@theatlantic.com,Palestinian Territory,40.166.254.154,jmcdonald2t
103,Angela,Sanders,asanders2u@examiner.com,France,167.248.102.40,asanders2u
104,Howard,Harvey,hharvey2v@yelp.com,Poland,31.127.42.149,hharvey2v
105,Ralph,Long,rlong2w@wp.com,China,109.97.72.237,rlong2w
106,Paul,Fisher,pfisher2x@ucsd.edu,China,130.219.241.107,pfisher2x
107,Cynthia,Simmons,csimmons2y@printfriendly.com,China,196.230.179.105,csimmons2y
108,Jeremy,,jhoward2z@cocolog-nifty.com,Benin,255.148.40.20,jbanks2z
109,Timothy,,tlopez30@multiply.com,Japan,19.184.231.48,tfowler30
110,Mark,,mgreene31@xing.com,Japan,169.158.61.10,mgomez31
111,Barbara,,bnelson32@diigo.com,China,80.218.180.86,bjenkins32
112,Jonathan,Owens,jowens33@fc2.com,Indonesia,241.87.102.72,jowens33
113,Roy,,relliott34@ca.gov,Syria,186.198.214.182,rbryant34
114,James,Webb,jwebb35@sohu.com,Philippines,151.28.115.51,jwebb35
115,Carl,Peters,cpeters36@pbs.org,Uruguay,142.90.221.239,cpeters36
116,Timothy,Davis,tdavis37@arizona.edu,Mexico,119.184.163.179,tdavis37
117,Joe,Sanchez,jsanchez38@state.tx.us,China,125.121.66.92,jsanchez38
118,Teresa,Carter,tcarter39@4shared.com,China,63.11.162.247,tcarter39
119,Justin,Henry,jhenry3a@earthlink.net,Portugal,46.108.159.74,jhenry3a
120,Jesse,Wallace,jwallace3b@bandcamp.com,Pakistan,128.114.174.0,jwallace3b
121,Catherine,Watson,cwatson3c@usgs.gov,United States,38.110.40.214,cwatson3c
122,Sharon,Wright,swright3d@harvard.edu,Russia,153.177.226.46,swright3d
123,Eugene,Kim,ekim3e@prnewswire.com,Japan,166.245.73.92,ekim3e
124,Teresa,,trose3f@nature.com,Indonesia,8.188.156.84,tcollins3f
125,Larry,Wright,lwright3g@narod.ru,China,40.103.66.194,lwright3g
126,Carl,Hernandez,chernandez3h@sourceforge.net,Czech Republic,86.78.103.200,chernandez3h
127,Brandon,Carr,bcarr3i@washingtonpost.com,China,148.35.56.43,bcarr3i
128,Dennis,Porter,dporter3j@kickstarter.com,Thailand,45.103.34.116,dporter3j
129,Helen,Boyd,hboyd3k@imageshack.us,Portugal,38.13.209.42,hboyd3k
130,Lillian,Morgan,lmorgan3l@upenn.edu,Luxembourg,4.12.196.205,lmorgan3l
131,Annie,,aaustin3m@tinyurl.com,Thailand,214.248.89.197,abanks3m
132,Terry,Dixon,tdixon3n@uol.com.br,Portugal,49.71.125.221,tdixon3n
133,Beverly,Andrews,bandrews3o@homestead.com,Russia,128.177.185.164,bandrews3o
134,Mary,Cruz,mcruz3p@hexun.com,Canada,232.184.235.103,mcruz3p
135,Anne,,ataylor3q@mac.com,Canada,243.138.30.115,aknight3q
136,Phillip,Robertson,probertson3r@cocolog-nifty.com,China,74.3.159.156,probertson3r
137,Antonio,Frazier,afrazier3s@feedburner.com,China,236.114.48.174,afrazier3s
138,Arthur,,ablack3t@google.co.uk,Honduras,72.132.202.226,asanchez3t
139,Mary,Welch,mwelch3u@about.me,Philippines,10.82.187.30,mwelch3u
140,Anthony,,amartinez3v@java.com,Russia,187.9.48.91,ameyer3v
141,Gary,Reid,greid3w@posterous.com,Ivory Coast,81.65.78.207,greid3w
142,Russell,Fields,rfields3x@pcworld.com,China,50.251.60.128,rfields3x
143,Billy,Moore,bmoore3y@hhs.gov,Cameroon,179.213.63.161,bmoore3y
144,Jerry,Price,jprice3z@sbwire.com,Argentina,243.194.56.214,jprice3z
145,Edward,Ross,eross40@fc2.com,China,59.132.163.162,eross40
146,Helen,Stanley,hstanley41@discuz.net,Russia,53.62.68.200,hstanley41
147,Phyllis,Larson,plarson42@biglobe.ne.jp,United States,49.12.216.230,plarson42
148,Jennifer,Campbell,jcampbell43@noaa.gov,Peru,56.48.76.209,jcampbell43
149,Janice,Ray,jray44@amazon.de,Czech Republic,248.247.16.19,jray44
150,Steve,Perry,sperry45@mac.com,China,250.203.66.215,sperry45
151,Dennis,Garrett,dgarrett46@alibaba.com,France,229.113.86.28,dgarrett46
152,Angela,Ford,aford47@tumblr.com,Uzbekistan,72.176.211.91,aford47
153,Rebecca,,rramirez48@imdb.com,Brazil,122.155.248.186,rmartin48
154,Arthur,Burke,aburke49@marketwatch.com,Netherlands,176.250.173.28,aburke49
155,Alice,Thompson,athompson4a@marriott.com,Indonesia,62.128.53.106,athompson4a
156,Rachel,Barnes,rbarnes4b@nsw.gov.au,France,208.237.67.76,rbarnes4b
157,Edward,Jacobs,ejacobs4c@craigslist.org,Indonesia,182.244.62.120,ejacobs4c
158,Harry,Martin,hmartin4d@sina.com.cn,Syria,84.62.225.197,hmartin4d
159,Juan,Fowler,jfowler4e@goo.gl,Philippines,102.42.239.3,jfowler4e
160,Susan,Vasquez,svasquez4f@arstechnica.com,China,60.125.143.227,svasquez4f
161,Wanda,Spencer,wspencer4g@shop-pro.jp,Bosnia and Herzegovina,114.205.153.121,wspencer4g
162,Theresa,,treyes4h@usgs.gov,Portugal,23.249.183.253,thunter4h
163,Joshua,Tucker,jtucker4i@flickr.com,Faroe Islands,61.128.189.204,jtucker4i
164,Timothy,Hudson,thudson4j@vinaora.com,Serbia,94.110.54.95,thudson4j
165,Steven,,sgibson4k@cdc.gov,Benin,56.79.82.125,sbrooks4k
166,Karen,,kwest4l@youku.com,Latvia,202.141.185.247,khall4l
167,Alan,Hawkins,ahawkins4m@apple.com,Portugal,181.6.159.250,ahawkins4m
168,Matthew,Harrison,mharrison4n@gov.uk,Guatemala,154.26.0.92,mharrison4n
169,Betty,Day,bday4o@bloglovin.com,El Salvador,56.198.249.179,bday4o
170,Nancy,White,nwhite4p@earthlink.net,Colombia,116.104.187.86,nwhite4p
171,Joyce,Reid,jreid4q@amazon.de,China,230.65.52.253,jreid4q
172,Karen,Young,kyoung4r@issuu.com,Ireland,224.117.245.152,kyoung4r
173,Marilyn,Greene,mgreene4s@intel.com,Madagascar,134.111.210.241,mgreene4s
174,Janet,Gilbert,jgilbert4t@ehow.com,Argentina,101.47.70.168,jgilbert4t
175,Ruth,Lopez,rlopez4u@blogs.com,Russia,165.51.196.97,rlopez4u
176,Ruby,Garza,rgarza4v@washingtonpost.com,Sweden,164.87.57.145,rgarza4v
177,Aaron,,aross4w@mapquest.com,China,3.66.176.131,amontgomery4w
178,Anthony,Welch,awelch4x@yahoo.co.jp,Finland,175.253.97.233,awelch4x
179,Earl,,emccoy4y@furl.net,Argentina,21.75.21.49,ewest4y
180,Ashley,Peterson,apeterson4z@odnoklassniki.ru,Indonesia,237.255.249.43,apeterson4z
181,Rose,Davis,rdavis50@xrea.com,Dominican Republic,131.36.212.75,rdavis50
182,Richard,,rbryant51@reference.com,China,49.165.11.215,rmatthews51
183,Keith,Lawrence,klawrence52@nsw.gov.au,Peru,7.17.230.207,klawrence52
184,Julia,Carroll,jcarroll53@sina.com.cn,France,44.226.24.39,jcarroll53
185,Wayne,Mcdonald,wmcdonald54@dailymail.co.uk,Chile,98.54.72.131,wmcdonald54
186,Ronald,West,rwest55@edublogs.org,Poland,63.84.218.108,rwest55
187,Janet,,jmarshall56@surveymonkey.com,Russia,73.111.50.23,jfrazier56
188,Henry,Mitchell,hmitchell57@desdev.cn,China,80.106.70.7,hmitchell57
189,Fred,Willis,fwillis58@addtoany.com,Indonesia,197.80.23.207,fwillis58
190,Patrick,Ryan,pryan59@yahoo.co.jp,Indonesia,182.84.175.62,pryan59
191,Anne,Reyes,areyes5a@godaddy.com,China,230.166.59.15,areyes5a
192,Cynthia,Burns,cburns5b@issuu.com,Albania,195.96.201.117,cburns5b
193,Heather,Burton,hburton5c@lycos.com,China,245.110.20.178,hburton5c
194,Anthony,,aclark5d@ft.com,Poland,90.223.66.94,alewis5d
195,Roger,Banks,rbanks5e@chron.com,Japan,201.222.58.24,rbanks5e
196,Gerald,Owens,gowens5f@ehow.com,Poland,212.184.127.202,gowens5f
197,Ernest,Grant,egrant5g@meetup.com,France,20.15.81.251,egrant5g
198,Douglas,Oliver,doliver5h@hugedomains.com,Cyprus,217.168.56.152,doliver5h
199,Ernest,Henry,ehenry5i@cbslocal.com,Japan,78.23.20.106,ehenry5i
200,Pamela,Peterson,ppeterson5j@ftc.gov,Switzerland,46.114.149.234,ppeterson5j
201,Roger,Webb,rwebb5k@google.co.uk,Indonesia,222.32.11.233,rwebb5k
202,Ruth,Campbell,rcampbell5l@answers.com,China,205.230.204.55,rcampbell5l
203,Catherine,Webb,cwebb5m@is.gd,Poland,87.208.83.202,cwebb5m
204,Lillian,Watson,lwatson5n@mediafire.com,Portugal,89.47.97.87,lwatson5n
205,Albert,Coleman,acoleman5o@tinyurl.com,China,121.212.9.175,acoleman5o
206,Paula,Reed,preed5p@scientificamerican.com,Indonesia,201.187.242.169,preed5p
207,Gregory,Black,gblack5q@globo.com,Russia,42.194.210.57,gblack5q
208,Bonnie,,bnichols5r@infoseek.co.jp,Pakistan,224.99.122.202,bperkins5r
209,Brenda,Pierce,bpierce5s@shop-pro.jp,Russia,255.38.192.130,bpierce5s
210,Douglas,Elliott,delliott5t@arizona.edu,China,71.9.100.193,delliott5t
211,Anthony,Dixon,adixon5u@ameblo.jp,China,63.253.13.204,adixon5u
212,Keith,,kkelley5v@furl.net,Sweden,212.95.123.62,kfranklin5v
213,Pamela,Rogers,progers5w@google.ca,Canada,34.135.197.150,progers5w
214,Brandon,,bphillips5x@typepad.com,Mexico,218.61.246.161,bbrown5x
215,Keith,Johnson,kjohnson5y@google.ru,China,10.204.138.244,kjohnson5y
216,Brian,Hanson,bhanson5z@networkadvertising.org,China,253.74.14.101,bhanson5z
217,Louise,Thompson,lthompson60@goo.gl,China,12.158.87.154,lthompson60
218,Wayne,,wjenkins61@weebly.com,China,166.204.132.61,wdavis61
219,Douglas,Gutierrez,dgutierrez62@digg.com,Indonesia,214.245.91.116,dgutierrez62
220,Mildred,Gonzalez,mgonzalez63@ucsd.edu,Ireland,174.80.221.123,mgonzalez63
221,Brian,Chapman,bchapman64@cpanel.net,Peru,82.198.78.250,bchapman64
222,Robin,,rgarcia65@baidu.com,Japan,144.137.195.104,rgonzales65
223,Todd,Mills,tmills66@umn.edu,Poland,135.243.223.89,tmills66
224,Harold,,hpeters67@pinterest.com,Poland,24.237.138.229,hhernandez67
225,Juan,Ross,jross68@unesco.org,Belarus,188.237.44.137,jross68
226,Kelly,Graham,kgraham69@mozilla.org,Bolivia,226.38.176.16,kgraham69
227,Cynthia,Young,cyoung6a@xrea.com,Portugal,85.92.45.62,cyoung6a
228,Gregory,Larson,glarson6b@disqus.com,China,240.52.28.97,glarson6b
229,Tammy,,twallace6c@jugem.jp,China,145.1.239.100,ttucker6c
230,Ruth,Meyer,rmeyer6d@devhub.com,Brazil,255.240.70.211,rmeyer6d
231,Carol,King,cking6e@hibu.com,Thailand,136.95.72.55,cking6e
232,Eric,Washington,ewashington6f@usnews.com,Mexico,254.127.71.94,ewashington6f
233,Jonathan,Price,jprice6g@berkeley.edu,Czech Republic,63.217.191.51,jprice6g
234,Keith,Rice,krice6h@feedburner.com,Indonesia,69.211.107.176,krice6h
235,Terry,Jenkins,tjenkins6i@fotki.com,Sierra Leone,216.163.13.35,tjenkins6i
236,Janet,,jlawrence6j@seesaa.net,Portugal,244.177.67.209,jsnyder6j
237,Nicholas,Hart,nhart6k@tamu.edu,China,137.196.24.197,nhart6k
238,Benjamin,Collins,bcollins6l@china.com.cn,China,208.154.62.225,bcollins6l
239,Jesse,Johnston,jjohnston6m@dropbox.com,China,86.167.163.64,jjohnston6m
240,Carlos,Bowman,cbowman6n@telegraph.co.uk,China,247.26.163.120,cbowman6n
241,Frank,Adams,fadams6o@hubpages.com,Mexico,239.139.53.137,fadams6o
242,Evelyn,Harvey,eharvey6p@diigo.com,China,233.122.69.136,eharvey6p
243,Angela,Frazier,afrazier6q@engadget.com,China,181.164.151.201,afrazier6q
244,Jose,Bell,jbell6r@a8.net,China,44.83.181.179,jbell6r
245,Kathryn,Campbell,kcampbell6s@pinterest.com,Canada,55.231.24.40,kcampbell6s
246,John,Andrews,jandrews6t@yahoo.co.jp,China,180.45.33.93,jandrews6t
247,Frank,Day,fday6u@e-recht24.de,Russia,227.224.119.117,fday6u
248,David,Howell,dhowell6v@taobao.com,Bosnia and Herzegovina,237.191.173.228,dhowell6v
249,Victor,Moore,vmoore6w@yellowbook.com,Ukraine,228.139.41.11,vmoore6w
250,Michelle,Graham,mgraham6x@csmonitor.com,Pakistan,221.151.143.168,mgraham6x
251,Ryan,Brown,rbrown6y@ibm.com,Argentina,168.101.236.243,rbrown6y
252,Ryan,,rmontgomery6z@fda.gov,Sweden,194.31.40.157,rhansen6z
253,Lillian,Dixon,ldixon70@cafepress.com,France,42.88.239.246,ldixon70
254,Jeffrey,Hall,jhall71@cam.ac.uk,China,120.106.78.146,jhall71
255,Debra,Garza,dgarza72@hud.gov,Russia,182.103.214.201,dgarza72
256,Lori,Lawrence,llawrence73@samsung.com,Paraguay,135.16.140.98,llawrence73
257,Robin,,rbailey74@businesswire.com,Sweden,207.120.27.174,rrogers74
258,Virginia,,vthomas75@exblog.jp,Iran,168.193.19.209,vford75
259,Sean,Reid,sreid76@amazonaws.com,Indonesia,8.210.226.136,sreid76
260,Nancy,Tucker,ntucker77@last.fm,Philippines,211.136.65.83,ntucker77
261,Gary,,gwelch78@google.nl,Syria,255.35.106.79,gowens78
262,Teresa,,tbowman79@nydailynews.com,France,217.227.30.38,tellis79
263,Earl,Ryan,eryan7a@google.com,Hungary,47.76.92.137,eryan7a
264,Gregory,Vasquez,gvasquez7b@cam.ac.uk,Canada,89.248.182.144,gvasquez7b
265,Elizabeth,Taylor,etaylor7c@pcworld.com,Indonesia,37.76.148.127,etaylor7c
266,Wayne,Miller,wmiller7d@wikipedia.org,Portugal,141.130.94.56,wmiller7d
267,Melissa,Richards,mrichards7e@deviantart.com,Albania,99.215.145.187,mrichards7e
268,Jimmy,,jbennett7f@tinypic.com,Tanzania,109.15.53.142,jcruz7f
269,Carl,Moreno,cmoreno7g@instagram.com,Venezuela,249.168.81.112,cmoreno7g
270,Timothy,Hart,thart7h@webeden.co.uk,Russia,137.83.76.243,thart7h
271,Harold,Mitchell,hmitchell7i@ihg.com,Albania,248.194.139.177,hmitchell7i
272,Michael,Morgan,mmorgan7j@shop-pro.jp,Azerbaijan,241.166.155.249,mmorgan7j
273,Kenneth,,khill7k@technorati.com,Colombia,194.62.161.22,kperry7k
274,Bonnie,Ruiz,bruiz7l@pinterest.com,China,42.95.89.90,bruiz7l
275,Kimberly,Fuller,kfuller7m@zimbio.com,China,194.7.58.85,kfuller7m
276,Bonnie,Gomez,bgomez7n@aol.com,Ukraine,176.118.165.165,bgomez7n
277,Frank,Wagner,fwagner7o@nationalgeographic.com,Nicaragua,188.21.115.45,fwagner7o
278,Margaret,Coleman,mcoleman7p@weibo.com,China,14.178.95.3,mcoleman7p
279,Justin,,jmontgomery7q@ning.com,Bulgaria,116.153.50.42,jray7q
280,Shawn,Porter,sporter7r@adobe.com,Brazil,49.88.20.185,sporter7r
281,John,Perez,jperez7s@wired.com,Jamaica,46.242.179.219,jperez7s
282,Sharon,Dean,sdean7t@etsy.com,Finland,185.70.81.86,sdean7t
283,Sandra,Nichols,snichols7u@yelp.com,French Southern Territories,185.19.196.214,snichols7u
284,Howard,Chavez,hchavez7v@parallels.com,United States,193.29.123.206,hchavez7v
285,Carolyn,Tucker,ctucker7w@jiathis.com,Bolivia,14.41.50.175,ctucker7w
286,Sarah,Lynch,slynch7x@phoca.cz,China,111.12.241.20,slynch7x
287,Frank,,fmyers7y@si.edu,Portugal,194.189.137.61,fhudson7y
288,Phyllis,Mccoy,pmccoy7z@blog.com,United States,214.172.38.69,pmccoy7z
289,Robert,Carr,rcarr80@amazon.de,China,40.62.71.85,rcarr80
290,Andrew,Ferguson,aferguson81@wp.com,Colombia,150.231.43.90,aferguson81
291,James,,jowens82@istockphoto.com,Jamaica,18.38.145.123,jflores82
292,Julia,Kim,jkim83@rakuten.co.jp,China,161.120.81.245,jkim83
293,Susan,Harvey,sharvey84@flavors.me,China,111.244.44.133,sharvey84
294,Phillip,,ppayne85@census.gov,Luxembourg,54.151.176.19,powens85
295,Dorothy,Hart,dhart86@umich.edu,China,42.73.36.179,dhart86
296,Susan,Grant,sgrant87@moonfruit.com,Indonesia,97.43.98.36,sgrant87
297,Tammy,,twest88@upenn.edu,Cyprus,111.205.139.15,tdunn88
298,Billy,Kim,bkim89@ebay.com,China,43.78.44.188,bkim89
299,Scott,Olson,solson8a@webnode.com,Philippines,174.119.107.42,solson8a
300,Juan,Hicks,jhicks8b@chicagotribune.com,Poland,128.2.234.184,jhicks8b
301,Edward,Stephens,estephens8c@studiopress.com,China,49.79.101.29,estephens8c
302,Daniel,Graham,dgraham8d@thetimes.co.uk,China,121.0.186.154,dgraham8d
303,Catherine,,cdunn8e@arstechnica.com,Mexico,33.222.217.202,cmartinez8e
304,Phyllis,Hernandez,phernandez8f@yahoo.co.jp,Philippines,116.138.201.196,phernandez8f
305,Phillip,Hayes,phayes8g@statcounter.com,Indonesia,210.210.106.200,phayes8g
306,Cynthia,Morris,cmorris8h@telegraph.co.uk,Philippines,126.66.57.151,cmorris8h
307,Sharon,Cox,scox8i@blogspot.com,Philippines,68.194.158.5,scox8i
308,George,,gfields8j@prlog.org,Brazil,223.168.33.246,gcollins8j
309,Stephen,Weaver,sweaver8k@whitehouse.gov,Philippines,39.58.218.68,sweaver8k
310,David,Stewart,dstewart8l@ameblo.jp,Thailand,52.125.141.97,dstewart8l
311,Keith,Marshall,kmarshall8m@studiopress.com,Indonesia,98.72.63.129,kmarshall8m
312,Linda,Willis,lwillis8n@about.com,Peru,245.70.132.145,lwillis8n
313,Sharon,Gardner,sgardner8o@prweb.com,Philippines,191.160.175.215,sgardner8o
314,Phillip,Brown,pbrown8p@icio.us,Indonesia,122.189.38.209,pbrown8p
315,Steven,Nichols,snichols8q@zimbio.com,Costa Rica,31.227.22.131,snichols8q
316,Steve,Franklin,sfranklin8r@va.gov,Bulgaria,246.113.54.104,sfranklin8r
317,Marilyn,Nguyen,mnguyen8s@blinklist.com,Iceland,15.63.143.214,mnguyen8s
318,Marilyn,,mberry8t@youtube.com,Philippines,77.94.101.233,mjohnson8t
319,Joe,,jharrison8u@google.it,Brazil,6.68.47.109,jbaker8u
320,Kathleen,Bell,kbell8v@imageshack.us,Mongolia,34.49.142.25,kbell8v
321,Christina,Wheeler,cwheeler8w@nbcnews.com,China,246.195.177.116,cwheeler8w
322,Willie,Dixon,wdixon8x@nydailynews.com,Netherlands,66.28.241.158,wdixon8x
323,Robin,Hughes,rhughes8y@liveinternet.ru,Russia,106.33.59.33,rhughes8y
324,Antonio,Jordan,ajordan8z@indiatimes.com,France,243.74.208.8,ajordan8z
325,Linda,Lawrence,llawrence90@xinhuanet.com,Netherlands,191.131.149.39,llawrence90
326,Kathleen,Dunn,kdunn91@gizmodo.com,China,10.151.51.116,kdunn91
327,Laura,Martinez,lmartinez92@mayoclinic.com,Russia,12.96.252.197,lmartinez92
328,Sandra,Black,sblack93@soup.io,Ireland,230.208.23.23,sblack93
329,Jane,Reyes,jreyes94@vimeo.com,South Africa,12.143.40.225,jreyes94
330,Kathryn,,kwillis95@miitbeian.gov.cn,Philippines,67.96.245.244,kmarshall95
331,Patrick,Flores,pflores96@vk.com,Philippines,149.122.62.124,pflores96
332,Ruth,Palmer,rpalmer97@economist.com,Indonesia,117.90.164.210,rpalmer97
333,Evelyn,,elee98@google.ru,Czech Republic,250.109.160.251,elane98
334,Jeremy,Cruz,jcruz99@globo.com,Sweden,27.236.94.83,jcruz99
335,Patricia,Collins,pcollins9a@webnode.com,China,197.114.212.34,pcollins9a
336,Sara,Berry,sberry9b@addthis.com,Russia,82.132.205.211,sberry9b
337,Cynthia,Woods,cwoods9c@tumblr.com,Russia,92.225.161.40,cwoods9c
338,Roy,Martin,rmartin9d@ihg.com,Brazil,52.219.182.248,rmartin9d
339,Douglas,Ramos,dramos9e@google.nl,Benin,61.12.87.200,dramos9e
340,Howard,Rose,hrose9f@aboutads.info,Russia,88.31.154.9,hrose9f
341,Lois,Ferguson,lferguson9g@wikia.com,Philippines,246.186.137.110,lferguson9g
342,Heather,Franklin,hfranklin9h@histats.com,Philippines,133.222.167.137,hfranklin9h
343,Debra,,dcarr9i@about.com,Czech Republic,114.209.204.77,dlong9i
344,Albert,White,awhite9j@epa.gov,Japan,47.17.167.77,awhite9j
345,Kevin,Fisher,kfisher9k@tripadvisor.com,United States,140.79.61.6,kfisher9k
346,Frank,,fevans9l@addthis.com,France,109.142.66.106,fhoward9l
347,Ryan,Bailey,rbailey9m@state.gov,Switzerland,211.146.186.52,rbailey9m
348,Tammy,Jackson,tjackson9n@nytimes.com,Indonesia,114.65.25.190,tjackson9n
349,Brandon,Harrison,bharrison9o@wikispaces.com,Costa Rica,250.43.231.29,bharrison9o
350,Rachel,,rwest9p@technorati.com,China,186.5.88.44,rjackson9p
351,Jose,,jhall9q@harvard.edu,Cuba,127.231.149.215,jsimpson9q
352,Fred,,fhart9r@deliciousdays.com,Pakistan,106.129.70.162,fstewart9r
353,Betty,Holmes,bholmes9s@spotify.com,China,154.163.4.148,bholmes9s
354,Nicholas,,nschmidt9t@prweb.com,Iran,98.7.202.255,nlane9t
355,Jennifer,Austin,jaustin9u@tinypic.com,Philippines,115.42.199.37,jaustin9u
356,Bruce,Gordon,bgordon9v@si.edu,Pakistan,52.188.28.21,bgordon9v
357,Maria,Little,mlittle9w@technorati.com,Mexico,26.237.4.66,mlittle9w
358,Theresa,Nelson,tnelson9x@about.com,China,135.72.29.39,tnelson9x
359,Dorothy,Cole,dcole9y@narod.ru,Bosnia and Herzegovina,109.145.79.220,dcole9y
360,Ruby,Hamilton,rhamilton9z@de.vu,Russia,217.89.172.13,rhamilton9z
361,Russell,,rharrisa0@dagondesign.com,China,7.32.116.94,rburkea0
362,Phillip,Reynolds,preynoldsa1@dropbox.com,Poland,52.145.120.109,preynoldsa1
363,Dorothy,Austin,daustina2@yellowbook.com,Mexico,236.242.65.209,daustina2
364,Gregory,Nichols,gnicholsa3@yolasite.com,Kosovo,254.166.61.101,gnicholsa3
365,Angela,Thomas,athomasa4@princeton.edu,China,33.103.68.196,athomasa4
366,Marilyn,George,mgeorgea5@blogs.com,Bolivia,115.91.136.92,mgeorgea5
367,Paul,Gilbert,pgilberta6@sourceforge.net,Sri Lanka,143.115.177.87,pgilberta6
368,Helen,Cruz,hcruza7@arizona.edu,Philippines,56.52.11.157,hcruza7
369,Cheryl,Stone,cstonea8@vinaora.com,Indonesia,107.85.158.227,cstonea8
370,Adam,Jackson,ajacksona9@dell.com,Poland,255.52.219.233,ajacksona9
371,Janice,Gomez,jgomezaa@ucoz.ru,Philippines,151.141.102.114,jgomezaa
372,Jean,,jharrisonab@tmall.com,Philippines,94.86.244.155,jbakerab
373,Laura,,lmillerac@kickstarter.com,Greece,22.146.127.113,lkennedyac
374,Karen,Little,klittlead@wikimedia.org,Cameroon,3.200.55.119,klittlead
375,Elizabeth,,esullivanae@php.net,Ukraine,219.5.208.204,eharperae
376,Sharon,Burton,sburtonaf@yahoo.co.jp,China,210.135.177.96,sburtonaf
377,Patrick,Grant,pgrantag@cbsnews.com,China,226.252.132.252,pgrantag
378,Annie,Chapman,achapmanah@examiner.com,Russia,67.245.60.139,achapmanah
379,Aaron,Lawson,alawsonai@reuters.com,Russia,1.247.243.38,alawsonai
380,Jose,,jmeyeraj@google.nl,United States,163.120.138.70,jhudsonaj
381,Rose,Wallace,rwallaceak@uiuc.edu,Brazil,18.25.224.185,rwallaceak
382,Martin,,mbrooksal@usatoday.com,Poland,23.39.200.74,mmorrisonal
383,Eric,Freeman,efreemanam@smugmug.com,Canada,44.232.170.81,efreemanam
384,Diane,Cruz,dcruzan@posterous.com,Indonesia,89.160.47.233,dcruzan
385,Craig,Gonzalez,cgonzalezao@google.co.uk,Indonesia,178.16.197.114,cgonzalezao
386,Barbara,Castillo,bcastilloap@devhub.com,Indonesia,26.114.46.105,bcastilloap
387,Ernest,Arnold,earnoldaq@microsoft.com,Indonesia,174.207.81.29,earnoldaq
388,John,Chapman,jchapmanar@godaddy.com,China,146.43.105.226,jchapmanar
389,Andrea,,amillsas@alexa.com,Yemen,113.131.131.64,abanksas
390,Fred,Young,fyoungat@ustream.tv,Italy,29.56.181.182,fyoungat
391,Carlos,Ross,crossau@slideshare.net,Portugal,229.115.226.143,crossau
392,Adam,,adiazav@bloglovin.com,Indonesia,222.255.213.61,ahillav
393,Rebecca,Lane,rlaneaw@drupal.org,Philippines,99.114.27.60,rlaneaw
394,Irene,,istewartax@china.com.cn,Czech Republic,211.129.149.118,ideanax
395,Joe,Roberts,jrobertsay@pen.io,Japan,106.110.175.244,jrobertsay
396,Joshua,,jevansaz@surveymonkey.com,China,70.119.141.228,jschmidtaz
397,Elizabeth,Wilson,ewilsonb0@miibeian.gov.cn,Peru,160.44.104.47,ewilsonb0
398,Billy,Porter,bporterb1@tripod.com,China,159.164.251.236,bporterb1
399,Phyllis,Sanchez,psanchezb2@amazon.co.uk,China,149.58.229.108,psanchezb2
400,Roger,Burton,rburtonb3@clickbank.net,Venezuela,129.228.136.11,rburtonb3
401,Brenda,Tucker,btuckerb4@tiny.cc,Canada,222.224.179.111,btuckerb4
402,Jonathan,Clark,jclarkb5@squidoo.com,Germany,182.2.108.30,jclarkb5
403,Tina,Reynolds,treynoldsb6@techcrunch.com,Indonesia,79.201.56.109,treynoldsb6
404,Theresa,,tnelsonb7@fda.gov,Bulgaria,220.125.212.240,thartb7
405,Carlos,Webb,cwebbb8@sitemeter.com,Indonesia,48.95.211.252,cwebbb8
406,Harold,,hperezb9@apache.org,Indonesia,241.79.60.162,hjamesb9
407,Juan,Rose,jroseba@nasa.gov,Thailand,62.143.252.27,jroseba
408,Jennifer,Mitchell,jmitchellbb@microsoft.com,China,114.86.76.237,jmitchellbb
409,Susan,Young,syoungbc@smugmug.com,Mongolia,10.6.13.180,syoungbc
410,Sandra,,ssmithbd@github.com,Indonesia,162.251.44.109,spalmerbd
411,Shirley,Cruz,scruzbe@squarespace.com,China,23.197.66.8,scruzbe
412,Julia,,jcookbf@acquirethisname.com,Brazil,120.91.25.153,jfieldsbf
413,Sara,Gonzalez,sgonzalezbg@wunderground.com,China,221.24.106.104,sgonzalezbg
414,Richard,Kennedy,rkennedybh@nba.com,Tuvalu,29.228.231.224,rkennedybh
415,Laura,Duncan,lduncanbi@washington.edu,Argentina,55.130.85.202,lduncanbi
416,Steven,Kelley,skelleybj@squarespace.com,Brazil,102.19.43.78,skelleybj
417,Eugene,Cook,ecookbk@scribd.com,Haiti,188.112.235.168,ecookbk
418,Jacqueline,,jmedinabl@joomla.org,Egypt,46.201.255.144,jolsonbl
419,Philip,Smith,psmithbm@moonfruit.com,Indonesia,221.189.59.88,psmithbm
420,Jessica,Hart,jhartbn@baidu.com,Portugal,159.130.17.41,jhartbn
421,Samuel,Gibson,sgibsonbo@mozilla.com,United States,17.61.9.24,sgibsonbo
422,Ruth,Riley,rrileybp@who.int,Vietnam,247.140.6.142,rrileybp
423,Karen,Torres,ktorresbq@simplemachines.org,Zimbabwe,110.129.75.246,ktorresbq
424,Steven,Martinez,smartinezbr@yahoo.co.jp,Indonesia,135.175.138.142,smartinezbr
425,Clarence,Graham,cgrahambs@sitemeter.com,Guinea,255.4.8.33,cgrahambs
426,Heather,,hmyersbt@hatena.ne.jp,France,250.247.253.73,hraybt
427,Earl,Lane,elanebu@timesonline.co.uk,France,168.102.205.84,elanebu
428,Carl,Long,clongbv@aol.com,Finland,121.37.201.138,clongbv
429,Billy,Fisher,bfisherbw@digg.com,Norway,237.144.235.193,bfisherbw
430,Lawrence,Fisher,lfisherbx@yellowpages.com,Russia,215.1.2.6,lfisherbx
431,Chris,,cmooreby@trellian.com,Greece,247.37.118.153,cfosterby
432,Paul,,pandrewsbz@phpbb.com,Poland,141.193.158.243,pjamesbz
433,Carl,Harris,charrisc0@auda.org.au,China,24.43.130.81,charrisc0
434,Randy,Banks,rbanksc1@time.com,Canada,179.96.228.197,rbanksc1
435,Lisa,Armstrong,larmstrongc2@last.fm,Democratic Republic of the Congo,96.174.57.252,larmstrongc2
436,Sandra,Bennett,sbennettc3@ning.com,Sweden,52.58.175.1,sbennettc3
437,Shirley,Fuller,sfullerc4@ox.ac.uk,United Kingdom,29.64.218.146,sfullerc4
438,Charles,Robinson,crobinsonc5@cmu.edu,Syria,203.76.23.145,crobinsonc5
439,Janice,Myers,jmyersc6@answers.com,China,118.47.12.140,jmyersc6
440,Linda,Bowman,lbowmanc7@simplemachines.org,Zambia,162.200.82.26,lbowmanc7
441,Norma,Brooks,nbrooksc8@google.com,Greece,236.40.232.116,nbrooksc8
442,Judy,Alexander,jalexanderc9@unicef.org,China,54.191.13.194,jalexanderc9
443,Antonio,Freeman,afreemanca@marketwatch.com,China,215.35.55.9,afreemanca
444,Walter,Moreno,wmorenocb@eepurl.com,Peru,250.216.58.3,wmorenocb
445,Rose,Cox,rcoxcc@goo.ne.jp,Kazakhstan,216.74.110.30,rcoxcc
446,Albert,,amontgomerycd@friendfeed.com,Portugal,149.169.233.87,ahallcd
447,Martin,Johnston,mjohnstonce@ow.ly,Poland,240.41.254.82,mjohnstonce
448,Matthew,,mreedcf@psu.edu,China,222.149.237.235,malexandercf
449,Nancy,Hernandez,nhernandezcg@mayoclinic.com,Indonesia,23.194.61.41,nhernandezcg
450,Sara,Ross,srossch@guardian.co.uk,China,199.245.43.209,srossch
451,Scott,Harrison,sharrisonci@sfgate.com,China,76.195.195.135,sharrisonci
452,Russell,,rjamescj@usnews.com,China,39.150.124.218,rwilsoncj
453,Donna,Carroll,dcarrollck@amazonaws.com,Brazil,238.239.198.114,dcarrollck
454,Jeffrey,,jgutierrezcl@oakley.com,Russia,35.151.60.4,jwestcl
455,Kathleen,Burke,kburkecm@nature.com,China,22.16.151.11,kburkecm
456,Steven,Thompson,sthompsoncn@networksolutions.com,Indonesia,204.194.249.143,sthompsoncn
457,Louise,Cooper,lcooperco@webmd.com,China,125.227.36.248,lcooperco
458,Clarence,Gordon,cgordoncp@live.com,China,100.97.196.172,cgordoncp
459,Rose,Hamilton,rhamiltoncq@buzzfeed.com,Indonesia,49.28.238.44,rhamiltoncq
460,Joseph,Butler,jbutlercr@icq.com,Portugal,184.131.1.37,jbutlercr
461,Charles,Ramirez,cramirezcs@tripod.com,Philippines,249.223.199.57,cramirezcs
462,Phillip,Hanson,phansonct@irs.gov,Iceland,217.189.158.188,phansonct
463,Gloria,Mccoy,gmccoycu@gnu.org,Vietnam,85.192.11.124,gmccoycu
464,Nicholas,Diaz,ndiazcv@yelp.com,Colombia,79.20.56.67,ndiazcv
465,Debra,White,dwhitecw@mapquest.com,China,171.96.198.122,dwhitecw
466,Ruby,Perkins,rperkinscx@yolasite.com,China,161.205.236.115,rperkinscx
467,Christopher,Bell,cbellcy@indiatimes.com,Brazil,251.255.128.109,cbellcy
468,Michael,,mjamescz@telegraph.co.uk,Mexico,143.51.90.232,mhenrycz
469,Keith,,klawrenced0@g.co,Peru,171.108.14.231,kmoralesd0
470,Annie,Kim,akimd1@yahoo.co.jp,Brazil,46.194.86.104,akimd1
471,Marie,Peters,mpetersd2@hud.gov,Thailand,131.239.92.24,mpetersd2
472,Gloria,Harrison,gharrisond3@youku.com,China,212.28.141.140,gharrisond3
473,Carolyn,Gonzales,cgonzalesd4@mit.edu,Russia,62.213.86.2,cgonzalesd4
474,Phillip,Cooper,pcooperd5@cdbaby.com,Czech Republic,168.99.123.133,pcooperd5
475,Nancy,,nthompsond6@fema.gov,Malaysia,56.154.196.248,nhowelld6
476,Eric,Romero,eromerod7@miitbeian.gov.cn,Russia,216.59.31.50,eromerod7
477,Jessica,Weaver,jweaverd8@japanpost.jp,Somalia,61.194.67.120,jweaverd8
478,Angela,Rivera,ariverad9@slideshare.net,Ukraine,137.50.236.56,ariverad9
479,Wayne,Bradley,wbradleyda@netscape.com,Botswana,196.221.233.5,wbradleyda
480,Rose,Hunt,rhuntdb@163.com,China,57.237.251.218,rhuntdb
481,Joseph,Montgomery,jmontgomerydc@elpais.com,United States,177.196.1.71,jmontgomerydc
482,Jack,Gonzales,jgonzalesdd@microsoft.com,United States,146.239.209.48,jgonzalesdd
483,Jane,Lewis,jlewisde@ft.com,Palestinian Territory,191.168.60.71,jlewisde
484,Theresa,,tmasondf@vk.com,El Salvador,237.230.77.108,trogersdf
485,Patricia,,pelliottdg@technorati.com,Sweden,162.73.226.99,pduncandg
486,Jack,Garcia,jgarciadh@nba.com,Serbia,237.164.145.89,jgarciadh
487,Mary,Hart,mhartdi@github.io,Cameroon,38.103.156.181,mhartdi
488,Albert,Armstrong,aarmstrongdj@newsvine.com,Honduras,95.148.121.137,aarmstrongdj
489,Barbara,Garcia,bgarciadk@friendfeed.com,China,19.99.47.32,bgarciadk
490,Todd,Reynolds,treynoldsdl@moonfruit.com,Portugal,121.121.94.89,treynoldsdl
491,Barbara,Taylor,btaylordm@stanford.edu,Brazil,196.161.101.190,btaylordm
492,Helen,King,hkingdn@rambler.ru,Canada,248.66.151.227,hkingdn
493,Diana,,djonesdo@oracle.com,Colombia,233.96.31.48,dgordondo
494,Rose,Garza,rgarzadp@bloglovin.com,China,69.178.44.125,rgarzadp
495,Robert,Matthews,rmatthewsdq@odnoklassniki.ru,Poland,191.122.35.36,rmatthewsdq
496,Susan,Hayes,shayesdr@theatlantic.com,Indonesia,74.156.114.75,shayesdr
497,Mary,Foster,mfosterds@cbsnews.com,Indonesia,166.125.200.193,mfosterds
498,Joe,Crawford,jcrawforddt@networksolutions.com,Spain,36.237.197.124,jcrawforddt
499,Philip,Matthews,pmatthewsdu@stumbleupon.com,China,67.6.178.173,pmatthewsdu
500,Henry,Brown,hbrowndv@blogtalkradio.com,Thailand,73.175.235.123,hbrowndv
501,Kathryn,Oliver,koliverdw@mozilla.org,Philippines,62.231.90.194,koliverdw
502,Emily,Brooks,ebrooksdx@nasa.gov,Poland,202.19.173.72,ebrooksdx
503,Jonathan,Richardson,jrichardsondy@goodreads.com,China,118.85.212.77,jrichardsondy
504,Brandon,Taylor,btaylordz@squarespace.com,China,209.189.95.54,btaylordz
505,Cheryl,Arnold,carnolde0@fc2.com,Philippines,132.118.94.100,carnolde0
506,Michelle,Ellis,mellise1@diigo.com,Denmark,193.6.110.155,mellise1
507,Shawn,Russell,srusselle2@facebook.com,Argentina,134.197.119.39,srusselle2
508,Rose,Alvarez,ralvareze3@upenn.edu,Canada,248.88.31.165,ralvareze3
509,Amy,Romero,aromeroe4@java.com,China,205.32.46.56,aromeroe4
510,Mark,Ruiz,mruize5@devhub.com,Portugal,4.241.218.44,mruize5
511,Jason,Gonzales,jgonzalese6@dedecms.com,Poland,49.28.110.18,jgonzalese6
512,Terry,Cunningham,tcunninghame7@ustream.tv,China,96.105.112.229,tcunninghame7
513,Tammy,Ward,twarde8@deviantart.com,Philippines,242.172.194.181,twarde8
514,Daniel,,dmorrisone9@zimbio.com,Sweden,137.221.109.126,dwatsone9
515,Roy,Gilbert,rgilbertea@aol.com,Ukraine,221.210.71.98,rgilbertea
516,Nicole,Graham,ngrahameb@4shared.com,Denmark,249.18.91.209,ngrahameb
517,Terry,,tbellec@auda.org.au,United States,186.36.137.26,tbanksec
518,Shawn,,spattersoned@hostgator.com,China,64.80.197.159,sgarciaed
519,Frances,Miller,fmilleree@fc2.com,Vietnam,0.73.251.187,fmilleree
520,John,,jcoxef@nsw.gov.au,Ukraine,130.237.222.103,jstoneef
521,Adam,,akimeg@oakley.com,Cuba,4.151.187.192,ahilleg
522,Gary,Davis,gdaviseh@skyrock.com,China,0.1.244.88,gdaviseh
523,Diana,Wheeler,dwheelerei@yandex.ru,Philippines,65.180.24.170,dwheelerei
524,Arthur,Mcdonald,amcdonaldej@weebly.com,Portugal,99.249.165.135,amcdonaldej
525,Cheryl,Garcia,cgarciaek@home.pl,Brazil,245.152.154.128,cgarciaek
526,Alice,,agrahamel@sbwire.com,South Africa,170.43.5.43,ajordanel
527,Charles,,chughesem@joomla.org,Vietnam,147.172.5.168,cjordanem
528,Sean,Boyd,sboyden@bravesites.com,Japan,38.47.163.187,sboyden
529,Antonio,Perkins,aperkinseo@facebook.com,Russia,117.121.202.24,aperkinseo
530,Christina,,ccooperep@tamu.edu,Philippines,51.64.189.144,cwallaceep
531,Bruce,Cole,bcoleeq@go.com,China,107.63.138.74,bcoleeq
532,Dorothy,Griffin,dgriffiner@slashdot.org,China,147.246.241.114,dgriffiner
533,Marie,Wilson,mwilsones@lulu.com,China,83.25.201.40,mwilsones
534,Jennifer,Lane,jlaneet@vkontakte.ru,China,75.218.203.106,jlaneet
535,Helen,Chavez,hchavezeu@dyndns.org,France,42.135.232.166,hchavezeu
536,Carol,Gibson,cgibsonev@cbsnews.com,Bahrain,231.79.145.169,cgibsonev
537,Michelle,Flores,mfloresew@blogtalkradio.com,China,114.70.139.69,mfloresew
538,Melissa,,mwrightex@prlog.org,South Africa,26.155.239.1,mstoneex
539,Richard,Hernandez,rhernandezey@plala.or.jp,France,184.242.180.196,rhernandezey
540,Gary,,ggriffinez@earthlink.net,Czech Republic,88.100.94.188,gmitchellez
541,Richard,,rwalkerf0@buzzfeed.com,Pakistan,194.88.208.136,rpetersf0
542,Melissa,Price,mpricef1@ezinearticles.com,China,88.212.129.223,mpricef1
543,Carl,Ryan,cryanf2@aboutads.info,Indonesia,237.196.99.131,cryanf2
544,Michael,Hamilton,mhamiltonf3@illinois.edu,Indonesia,96.250.29.195,mhamiltonf3
545,Jimmy,Chapman,jchapmanf4@archive.org,Poland,223.191.6.143,jchapmanf4
546,Helen,,hgrahamf5@yelp.com,Japan,94.200.127.44,hcolemanf5
547,Frances,Cunningham,fcunninghamf6@shareasale.com,Belarus,14.231.193.118,fcunninghamf6
548,Walter,Diaz,wdiazf7@ca.gov,Kiribati,199.217.183.131,wdiazf7
549,Laura,Bishop,lbishopf8@webmd.com,Egypt,77.167.246.228,lbishopf8
550,Jacqueline,Coleman,jcolemanf9@constantcontact.com,Portugal,39.64.118.47,jcolemanf9
551,Brenda,Gilbert,bgilbertfa@auda.org.au,Brazil,39.238.123.134,bgilbertfa
552,Laura,Lee,lleefb@vinaora.com,Indonesia,140.72.236.246,lleefb
553,Kathy,Johnston,kjohnstonfc@shutterfly.com,France,89.83.85.123,kjohnstonfc
554,Jane,Lewis,jlewisfd@columbia.edu,Indonesia,103.187.55.189,jlewisfd
555,Christina,,creedfe@spiegel.de,France,80.133.51.249,ccollinsfe
556,Brandon,Reynolds,breynoldsff@squidoo.com,Philippines,172.249.50.132,breynoldsff
557,Nicholas,Bennett,nbennettfg@xinhuanet.com,China,56.186.231.112,nbennettfg
558,Ryan,Phillips,rphillipsfh@lulu.com,China,226.40.232.6,rphillipsfh
559,Ruby,Oliver,roliverfi@globo.com,Brazil,231.190.167.235,roliverfi
560,Billy,Welch,bwelchfj@shinystat.com,Peru,79.53.232.253,bwelchfj
561,Julia,Vasquez,jvasquezfk@miitbeian.gov.cn,Indonesia,147.220.51.138,jvasquezfk
562,Charles,Mitchell,cmitchellfl@themeforest.net,Estonia,77.183.1.93,cmitchellfl
563,Barbara,,bwilliamsonfm@github.com,China,252.41.156.110,btuckerfm
564,Walter,Murphy,wmurphyfn@utexas.edu,Philippines,210.169.52.5,wmurphyfn
565,Theresa,Harvey,tharveyfo@php.net,Tunisia,153.104.245.159,tharveyfo
566,Gerald,,gjohnsonfp@typepad.com,China,53.123.67.34,ghansenfp
567,Patrick,Moreno,pmorenofq@weather.com,Brazil,242.244.56.84,pmorenofq
568,Donna,Howard,dhowardfr@quantcast.com,Thailand,178.181.6.206,dhowardfr
569,Shawn,Torres,storresfs@example.com,Finland,170.28.118.250,storresfs
570,Larry,Reynolds,lreynoldsft@reuters.com,Angola,251.18.57.206,lreynoldsft
571,Joshua,Palmer,jpalmerfu@goo.ne.jp,Mexico,220.15.243.247,jpalmerfu
572,Wanda,Moore,wmoorefv@un.org,China,127.4.216.188,wmoorefv
573,Jennifer,Ortiz,jortizfw@japanpost.jp,Russia,168.75.204.182,jortizfw
574,Jerry,Warren,jwarrenfx@microsoft.com,Sweden,94.252.216.140,jwarrenfx
575,Donald,Chapman,dchapmanfy@wikispaces.com,Thailand,174.160.212.70,dchapmanfy
576,Nicole,Rogers,nrogersfz@sakura.ne.jp,Sweden,186.185.66.224,nrogersfz
577,Lori,Ross,lrossg0@wisc.edu,Syria,110.27.19.48,lrossg0
578,Jimmy,,jhansong1@xinhuanet.com,Philippines,218.153.125.81,jmeyerg1
579,Paula,,pcolemang2@etsy.com,Brazil,218.52.246.30,psanchezg2
580,Frank,Fox,ffoxg3@quantcast.com,China,149.160.112.224,ffoxg3
581,Diane,Holmes,dholmesg4@blinklist.com,China,67.85.242.212,dholmesg4
582,Matthew,Patterson,mpattersong5@google.com,China,169.137.202.104,mpattersong5
583,Scott,Vasquez,svasquezg6@cmu.edu,Indonesia,78.81.86.245,svasquezg6
584,Anna,,aschmidtg7@jugem.jp,China,151.211.39.206,aarmstrongg7
585,Mildred,Riley,mrileyg8@stanford.edu,Japan,23.17.128.45,mrileyg8
586,Harold,Lawrence,hlawrenceg9@nsw.gov.au,Japan,26.67.166.38,hlawrenceg9
587,Carlos,Nguyen,cnguyenga@miibeian.gov.cn,Democratic Republic of the Congo,51.30.120.92,cnguyenga
588,Anthony,Willis,awillisgb@tripadvisor.com,Poland,164.126.48.207,awillisgb
589,Jane,Oliver,jolivergc@fema.gov,United States,62.206.120.130,jolivergc
590,Andrea,Hunter,ahuntergd@aol.com,Philippines,86.96.181.97,ahuntergd
591,Julia,,jcarpenterge@cpanel.net,Israel,114.188.135.156,jbarnesge
592,Jesse,Allen,jallengf@oracle.com,Argentina,144.45.68.221,jallengf
593,Joe,Wells,jwellsgg@scientificamerican.com,Poland,16.223.60.142,jwellsgg
594,Carl,Robinson,crobinsongh@webmd.com,Indonesia,154.84.152.239,crobinsongh
595,Stephen,Russell,srussellgi@go.com,China,96.126.75.234,srussellgi
596,Marie,Meyer,mmeyergj@mapquest.com,Indonesia,193.85.185.150,mmeyergj
597,Johnny,,jarmstronggk@domainmarket.com,Japan,241.30.154.40,jcruzgk
598,Mildred,Brooks,mbrooksgl@sbwire.com,Philippines,251.81.140.30,mbrooksgl
599,George,Gordon,ggordongm@marketwatch.com,Peru,140.63.149.241,ggordongm
600,Christine,,cpaynegn@diigo.com,Pakistan,2.29.187.205,cbarnesgn
601,Eric,Brown,ebrowngo@sfgate.com,China,44.69.244.177,ebrowngo
602,Justin,Dean,jdeangp@ucoz.ru,Malta,28.124.125.176,jdeangp
603,Jack,,jpowellgq@google.fr,Serbia,130.42.89.93,jmontgomerygq
604,Edward,Bell,ebellgr@yelp.com,Indonesia,138.28.157.189,ebellgr
605,Phyllis,Palmer,ppalmergs@virginia.edu,Russia,88.238.77.75,ppalmergs
606,Jennifer,Carroll,jcarrollgt@upenn.edu,Macedonia,248.74.112.197,jcarrollgt
607,Joyce,Carter,jcartergu@nifty.com,Dominican Republic,227.248.254.91,jcartergu
608,Laura,West,lwestgv@usgs.gov,Philippines,240.246.139.179,lwestgv
609,Jonathan,Holmes,jholmesgw@1688.com,Serbia,233.74.85.84,jholmesgw
610,Denise,Robertson,drobertsongx@goo.ne.jp,Brazil,73.150.6.146,drobertsongx
611,Juan,Wallace,jwallacegy@bloomberg.com,France,187.48.194.30,jwallacegy
612,Amy,Lewis,alewisgz@mozilla.org,Indonesia,94.204.45.34,alewisgz
613,Rose,Sanders,rsandersh0@si.edu,Philippines,13.111.16.82,rsandersh0
614,Michelle,Gray,mgrayh1@ycombinator.com,North Korea,165.82.26.159,mgrayh1
615,Amy,,abakerh2@miibeian.gov.cn,Germany,168.55.178.69,arobertsh2
616,Jason,Simpson,jsimpsonh3@list-manage.com,China,104.69.253.196,jsimpsonh3
617,Michael,Henry,mhenryh4@yelp.com,Vietnam,66.33.12.212,mhenryh4
618,Philip,Burke,pburkeh5@amazon.com,Philippines,185.216.209.130,pburkeh5
619,Sarah,Marshall,smarshallh6@walmart.com,Indonesia,172.127.130.138,smarshallh6
620,Gerald,,gwebbh7@theglobeandmail.com,China,222.39.221.87,gwatkinsh7
621,Joyce,,jroseh8@cdc.gov,Afghanistan,85.176.195.225,jlittleh8
622,Annie,Stanley,astanleyh9@mashable.com,Russia,67.111.146.65,astanleyh9
623,Christina,,cwilsonha@aol.com,Brazil,187.32.38.247,ccookha
624,Amy,,achapmanhb@about.me,Russia,138.3.235.222,alewishb
625,Ruth,Anderson,randersonhc@usda.gov,China,183.82.22.125,randersonhc
626,Ruby,,rhenryhd@friendfeed.com,Russia,129.127.9.156,rnguyenhd
627,Kenneth,Pierce,kpiercehe@constantcontact.com,China,43.238.136.90,kpiercehe
628,Lois,,lcolemanhf@cbslocal.com,Philippines,112.103.124.206,ldanielshf
629,Robert,,rwardhg@zdnet.com,Indonesia,121.28.129.255,rbaileyhg
630,Gerald,Cruz,gcruzhh@youtube.com,Russia,74.222.45.191,gcruzhh
631,Nicholas,Ford,nfordhi@alibaba.com,China,14.11.117.61,nfordhi
632,Martha,Pierce,mpiercehj@forbes.com,Mexico,229.214.148.133,mpiercehj
633,Chris,,ccoxhk@bluehost.com,Japan,46.146.204.57,cbowmanhk
634,Sean,Frazier,sfrazierhl@meetup.com,China,135.133.75.127,sfrazierhl
635,Teresa,Knight,tknighthm@github.com,China,118.176.39.79,tknighthm
636,Jeremy,Jones,jjoneshn@etsy.com,Brazil,247.113.66.143,jjoneshn
637,Martha,,msimmonsho@creativecommons.org,Philippines,242.76.106.202,medwardsho
638,Diana,Smith,dsmithhp@lulu.com,Poland,104.141.200.237,dsmithhp
639,Alice,Ramirez,aramirezhq@vimeo.com,Portugal,35.158.88.154,aramirezhq
640,James,Griffin,jgriffinhr@wordpress.org,China,104.131.130.46,jgriffinhr
641,Jack,Ruiz,jruizhs@reference.com,Latvia,230.62.194.206,jruizhs
642,James,Evans,jevansht@blogs.com,Portugal,17.172.121.240,jevansht
643,Stephen,,sjohnstonhu@networkadvertising.org,Colombia,26.47.74.148,shudsonhu
644,Lori,,lgreenehv@msu.edu,Czech Republic,20.97.148.137,lyounghv
645,Marie,Bowman,mbowmanhw@bloglines.com,China,84.15.162.29,mbowmanhw
646,Doris,Rogers,drogershx@yelp.com,Philippines,109.61.22.99,drogershx
647,Rebecca,Lee,rleehy@latimes.com,Peru,247.48.14.39,rleehy
648,Bobby,Black,bblackhz@google.co.jp,Sweden,106.101.118.159,bblackhz
649,Louise,Evans,levansi0@umich.edu,China,151.218.6.33,levansi0
650,Roy,Moore,rmoorei1@toplist.cz,Mexico,83.86.191.114,rmoorei1
651,Gloria,Bishop,gbishopi2@sciencedaily.com,China,184.46.59.206,gbishopi2
652,Johnny,Dunn,jdunni3@pcworld.com,Ukraine,42.80.110.36,jdunni3
653,Stephanie,Edwards,sedwardsi4@dagondesign.com,Pakistan,238.63.188.240,sedwardsi4
654,Benjamin,Fernandez,bfernandezi5@diigo.com,Colombia,181.74.222.116,bfernandezi5
655,Beverly,Hawkins,bhawkinsi6@icq.com,China,106.122.24.109,bhawkinsi6
656,Louise,Armstrong,larmstrongi7@prnewswire.com,Indonesia,49.183.41.159,larmstrongi7
657,Cheryl,Weaver,cweaveri8@php.net,China,126.185.118.200,cweaveri8
658,Harry,Tucker,htuckeri9@bandcamp.com,Russia,155.183.69.216,htuckeri9
659,Willie,Austin,waustinia@spiegel.de,Estonia,180.115.165.126,waustinia
660,Larry,,lhansonib@hatena.ne.jp,Poland,247.192.130.165,lmoralesib
661,Howard,Jacobs,hjacobsic@pagesperso-orange.fr,China,168.157.159.114,hjacobsic
662,Melissa,Gibson,mgibsonid@uol.com.br,Belarus,30.1.153.194,mgibsonid
663,Jose,Dean,jdeanie@cbslocal.com,Greece,0.125.13.5,jdeanie
664,Jack,Reyes,jreyesif@1688.com,Indonesia,123.45.179.91,jreyesif
665,Jimmy,Reid,jreidig@xrea.com,South Africa,37.242.118.6,jreidig
666,Patrick,Williamson,pwilliamsonih@joomla.org,France,145.20.231.1,pwilliamsonih
667,Cynthia,Cruz,ccruzii@etsy.com,China,107.222.30.43,ccruzii
668,David,,djacksonij@ning.com,China,152.214.15.36,dlynchij
669,Robin,Barnes,rbarnesik@amazonaws.com,China,94.181.222.221,rbarnesik
670,Earl,Jones,ejonesil@bizjournals.com,Nigeria,179.204.205.73,ejonesil
671,Terry,Flores,tfloresim@google.ru,Sweden,70.97.171.18,tfloresim
672,Carl,Stone,cstonein@wikimedia.org,China,132.47.82.169,cstonein
673,Justin,Williamson,jwilliamsonio@ibm.com,Vietnam,164.46.179.169,jwilliamsonio
674,Mary,Price,mpriceip@topsy.com,Ukraine,140.196.100.124,mpriceip
675,Kevin,Rice,kriceiq@merriam-webster.com,Portugal,245.160.141.121,kriceiq
676,Aaron,Coleman,acolemanir@amazon.co.jp,China,7.204.139.27,acolemanir
677,Thomas,,tmurphyis@geocities.jp,Czech Republic,67.203.120.8,thansenis
678,Judith,,jhernandezit@geocities.com,Sweden,233.81.177.74,jpayneit
679,Anne,Griffin,agriffiniu@youtube.com,Argentina,137.220.226.130,agriffiniu
680,Terry,Montgomery,tmontgomeryiv@cloudflare.com,South Africa,226.198.90.125,tmontgomeryiv
681,Willie,Chavez,wchaveziw@gnu.org,Indonesia,15.69.25.107,wchaveziw
682,Shirley,Wells,swellsix@xrea.com,China,203.113.85.61,swellsix
683,Keith,Price,kpriceiy@pcworld.com,United States,154.13.71.30,kpriceiy
684,William,Morales,wmoralesiz@mashable.com,Netherlands,115.28.109.219,wmoralesiz
685,Frank,Brown,fbrownj0@tripadvisor.com,Portugal,48.114.202.38,fbrownj0
686,Alice,,aperezj1@php.net,China,253.38.40.213,atuckerj1
687,Wayne,Owens,wowensj2@cdbaby.com,Japan,11.26.76.89,wowensj2
688,Bobby,,bkingj3@gizmodo.com,Peru,97.58.222.95,bstanleyj3
689,Patricia,Gilbert,pgilbertj4@people.com.cn,Philippines,167.185.188.232,pgilbertj4
690,Ruby,Moreno,rmorenoj5@hugedomains.com,Poland,200.247.175.33,rmorenoj5
691,Carlos,Chavez,cchavezj6@nationalgeographic.com,China,62.214.73.182,cchavezj6
692,Bobby,,bbarnesj7@yale.edu,Uzbekistan,169.27.130.54,bmccoyj7
693,Douglas,Burns,dburnsj8@nba.com,Peru,111.173.71.84,dburnsj8
694,Amy,Harrison,aharrisonj9@sina.com.cn,Indonesia,194.221.21.107,aharrisonj9
695,Nancy,Ford,nfordja@chron.com,China,125.60.151.151,nfordja
696,Stephanie,Wilson,swilsonjb@netscape.com,China,68.251.175.3,swilsonjb
697,Betty,,bsnyderjc@cargocollective.com,Tanzania,223.49.107.227,bburtonjc
698,Margaret,,mwashingtonjd@tmall.com,Saint Lucia,148.45.33.52,mbishopjd
699,Lisa,Gonzalez,lgonzalezje@usa.gov,China,31.220.191.31,lgonzalezje
700,Brian,Mendoza,bmendozajf@oakley.com,China,47.36.42.171,bmendozajf
701,Melissa,,mkelleyjg@msn.com,Peru,222.142.96.214,mmatthewsjg
702,Peter,Ford,pfordjh@live.com,China,250.159.220.143,pfordjh
703,David,,drayji@nymag.com,Israel,107.1.12.75,dolsonji
704,Marie,Reynolds,mreynoldsjj@statcounter.com,Indonesia,120.71.52.231,mreynoldsjj
705,Christina,Turner,cturnerjk@shinystat.com,China,217.38.23.109,cturnerjk
706,Andrea,,aholmesjl@amazonaws.com,Honduras,19.18.45.166,aromerojl
707,Gary,Pierce,gpiercejm@marriott.com,China,61.83.119.238,gpiercejm
708,Joseph,Jenkins,jjenkinsjn@devhub.com,Indonesia,110.185.211.107,jjenkinsjn
709,Susan,Gray,sgrayjo@youtu.be,Brazil,56.129.103.222,sgrayjo
710,Norma,Warren,nwarrenjp@naver.com,Philippines,143.49.56.202,nwarrenjp
711,Raymond,Hamilton,rhamiltonjq@rambler.ru,Egypt,116.69.19.26,rhamiltonjq
712,Gloria,,gevansjr@google.pl,China,157.123.127.9,grichardsonjr
713,Beverly,Martin,bmartinjs@addtoany.com,Bulgaria,160.154.249.168,bmartinjs
714,William,,wgeorgejt@fastcompany.com,Japan,126.188.228.231,wmccoyjt
715,Richard,,rwatkinsju@google.ca,Russia,209.193.164.82,rhernandezju
716,Steve,Meyer,smeyerjv@spiegel.de,South Korea,34.128.144.255,smeyerjv
717,Kathryn,Stevens,kstevensjw@wordpress.com,Russia,232.63.233.80,kstevensjw
718,Patricia,Payne,ppaynejx@unesco.org,Mexico,149.153.244.202,ppaynejx
719,Donald,,dcastillojy@nbcnews.com,Argentina,43.189.215.61,dhicksjy
720,Beverly,,bchapmanjz@intel.com,Russia,68.169.254.201,bricejz
721,Judith,Brooks,jbrooksk0@abc.net.au,Portugal,81.111.156.140,jbrooksk0
722,Wayne,Gilbert,wgilbertk1@engadget.com,Croatia,194.226.181.78,wgilbertk1
723,Brenda,Baker,bbakerk2@nytimes.com,Mexico,252.103.31.231,bbakerk2
724,Catherine,,carmstrongk3@dmoz.org,Indonesia,131.72.233.100,cmartinezk3
725,Ruth,,rrobertsonk4@smugmug.com,Lithuania,111.3.234.139,rowensk4
726,Albert,Woods,awoodsk5@wikia.com,China,17.226.249.110,awoodsk5
727,Marie,Gutierrez,mgutierrezk6@si.edu,Indonesia,187.173.237.255,mgutierrezk6
728,Evelyn,Castillo,ecastillok7@privacy.gov.au,South Africa,136.37.36.118,ecastillok7
729,Rebecca,Hunter,rhunterk8@sciencedaily.com,China,13.254.106.70,rhunterk8
730,Patricia,West,pwestk9@ucoz.ru,China,155.178.81.222,pwestk9
731,Laura,Martin,lmartinka@dropbox.com,Portugal,69.20.189.70,lmartinka
732,Gerald,Cox,gcoxkb@google.ru,China,217.217.111.22,gcoxkb
733,Juan,Rose,jrosekc@addtoany.com,Indonesia,140.23.73.123,jrosekc
734,Andrew,Reyes,areyeskd@hatena.ne.jp,Armenia,200.218.84.172,areyeskd
735,Jimmy,Reid,jreidke@creativecommons.org,China,252.105.171.21,jreidke
736,Laura,Rice,lricekf@ted.com,Indonesia,254.204.189.204,lricekf
737,Tina,,tmorgankg@samsung.com,France,178.207.239.129,tgibsonkg
738,Angela,Pierce,apiercekh@google.co.uk,China,199.163.64.112,apiercekh
739,Irene,Butler,ibutlerki@wp.com,Indonesia,34.142.138.167,ibutlerki
740,Roger,Boyd,rboydkj@themeforest.net,China,129.240.50.233,rboydkj
741,Ralph,Stephens,rstephenskk@nbcnews.com,Portugal,128.73.196.203,rstephenskk
742,Susan,,sharveykl@pbs.org,Brazil,212.253.132.71,skelleykl
743,Norma,Cruz,ncruzkm@cocolog-nifty.com,Yemen,103.198.28.236,ncruzkm
744,Eric,Ortiz,eortizkn@surveymonkey.com,Serbia,130.252.120.216,eortizkn
745,Kathleen,Howell,khowellko@msu.edu,Philippines,89.162.94.160,khowellko
746,Jack,Martinez,jmartinezkp@mozilla.org,Czech Republic,102.87.162.26,jmartinezkp
747,Stephanie,,smillskq@jiathis.com,Ukraine,135.193.144.74,sblackkq
748,Ralph,Reyes,rreyeskr@indiatimes.com,Afghanistan,123.131.29.152,rreyeskr
749,Paula,Pierce,ppierceks@hatena.ne.jp,Argentina,136.88.125.90,ppierceks
750,Mark,Sims,msimskt@google.de,China,91.85.109.73,msimskt
751,Larry,Nelson,lnelsonku@domainmarket.com,Indonesia,116.169.163.131,lnelsonku
752,Earl,Greene,egreenekv@ucoz.ru,Myanmar,219.78.125.73,egreenekv
753,Sarah,Price,spricekw@ameblo.jp,China,14.182.241.118,spricekw
754,Ernest,Anderson,eandersonkx@friendfeed.com,Czech Republic,130.125.42.182,eandersonkx
755,Laura,,lporterky@nsw.gov.au,Ecuador,134.204.109.214,lmartinky
756,Lillian,Gonzales,lgonzaleskz@rediff.com,Bolivia,157.250.246.207,lgonzaleskz
757,Paula,,pbennettl0@elegantthemes.com,Poland,221.153.99.113,pbowmanl0
758,Michael,Freeman,mfreemanl1@smugmug.com,Syria,224.10.236.208,mfreemanl1
759,Donald,Knight,dknightl2@histats.com,Czech Republic,5.177.90.167,dknightl2
760,Kathy,Arnold,karnoldl3@spiegel.de,Bolivia,56.183.122.61,karnoldl3
761,Joseph,Larson,jlarsonl4@booking.com,Indonesia,178.83.25.74,jlarsonl4
762,Raymond,Robinson,rrobinsonl5@ebay.co.uk,China,85.233.77.170,rrobinsonl5
763,Jean,Garcia,jgarcial6@theglobeandmail.com,China,53.52.86.23,jgarcial6
764,Walter,,wwatkinsl7@newsvine.com,Greece,99.85.22.245,wwebbl7
765,Anna,Mitchell,amitchelll8@yale.edu,Japan,55.17.174.237,amitchelll8
766,Melissa,Ross,mrossl9@addthis.com,Poland,119.109.254.2,mrossl9
767,Andrew,Stewart,astewartla@earthlink.net,China,222.18.135.18,astewartla
768,Martin,Matthews,mmatthewslb@buzzfeed.com,Croatia,1.93.50.124,mmatthewslb
769,Christine,Walker,cwalkerlc@histats.com,China,155.213.156.98,cwalkerlc
770,Daniel,Banks,dbanksld@phpbb.com,Ukraine,242.238.187.221,dbanksld
771,Katherine,Austin,kaustinle@icq.com,China,103.247.159.141,kaustinle
772,Judith,Daniels,jdanielslf@blogs.com,Colombia,163.62.76.177,jdanielslf
773,Justin,Moore,jmoorelg@ovh.net,Sweden,199.67.9.68,jmoorelg
774,Margaret,Wilson,mwilsonlh@uiuc.edu,Russia,176.108.142.205,mwilsonlh
775,Patricia,Wood,pwoodli@sciencedirect.com,Panama,91.2.219.120,pwoodli
776,Norma,,nmartinezlj@macromedia.com,Swaziland,35.119.59.142,nfranklinlj
777,Anne,Moore,amoorelk@statcounter.com,Argentina,36.120.182.136,amoorelk
778,Lori,Rose,lrosell@rediff.com,Poland,119.138.186.244,lrosell
779,Raymond,Tucker,rtuckerlm@w3.org,Tunisia,197.137.159.171,rtuckerlm
780,Kimberly,Parker,kparkerln@abc.net.au,Indonesia,12.45.118.220,kparkerln
781,Douglas,Adams,dadamslo@arstechnica.com,Madagascar,100.68.99.8,dadamslo
782,Gregory,Carpenter,gcarpenterlp@ezinearticles.com,Nigeria,103.177.189.42,gcarpenterlp
783,Willie,Henderson,whendersonlq@vinaora.com,China,226.227.73.208,whendersonlq
784,Earl,Ramirez,eramirezlr@nbcnews.com,Indonesia,95.131.133.44,eramirezlr
785,Eugene,Moreno,emorenols@surveymonkey.com,Greece,41.98.127.47,emorenols
786,Kenneth,Flores,kfloreslt@godaddy.com,China,103.252.237.184,kfloreslt
787,Peter,Campbell,pcampbelllu@merriam-webster.com,Russia,183.139.15.56,pcampbelllu
788,Arthur,,agutierrezlv@networkadvertising.org,Dominican Republic,49.26.164.94,astevenslv
789,Catherine,Tucker,ctuckerlw@weebly.com,Germany,48.153.92.157,ctuckerlw
790,Mark,,mmendozalx@comcast.net,Russia,223.82.167.91,mhansonlx
791,Julie,Harvey,jharveyly@cocolog-nifty.com,Argentina,56.78.140.57,jharveyly
792,Raymond,Flores,rfloreslz@cocolog-nifty.com,Malaysia,50.230.123.39,rfloreslz
793,Jeffrey,Harper,jharperm0@4shared.com,Colombia,167.209.210.168,jharperm0
794,Jean,Hawkins,jhawkinsm1@va.gov,Indonesia,27.145.149.40,jhawkinsm1
795,Kathryn,Fisher,kfisherm2@360.cn,Indonesia,113.166.93.210,kfisherm2
796,Betty,,bstonem3@g.co,Portugal,231.70.189.95,bpricem3
797,Alan,Vasquez,avasquezm4@slideshare.net,United States,242.12.120.30,avasquezm4
798,William,Henry,whenrym5@tripadvisor.com,Poland,36.18.192.67,whenrym5
799,Adam,,ameyerm6@pinterest.com,United States,195.162.122.119,afisherm6
800,Patrick,,pharrism7@ibm.com,China,203.104.53.135,pkellym7
801,Kevin,Franklin,kfranklinm8@sbwire.com,Peru,167.57.70.208,kfranklinm8
802,Ruth,Carroll,rcarrollm9@google.es,China,31.3.216.181,rcarrollm9
803,Marilyn,,mnicholsma@mapquest.com,Thailand,152.174.216.60,mstanleyma
804,Diane,Wilson,dwilsonmb@meetup.com,Uganda,222.27.230.136,dwilsonmb
805,Shirley,Sullivan,ssullivanmc@cnbc.com,Indonesia,233.209.66.189,ssullivanmc
806,Chris,Wilson,cwilsonmd@a8.net,Serbia,82.174.230.104,cwilsonmd
807,Fred,Burton,fburtonme@seesaa.net,Indonesia,130.173.146.14,fburtonme
808,Fred,,fbakermf@china.com.cn,China,114.252.190.95,fblackmf
809,Julie,,jcookmg@weebly.com,China,141.116.217.103,jruizmg
810,Evelyn,Chapman,echapmanmh@ucsd.edu,French Polynesia,125.231.181.202,echapmanmh
811,Howard,,hlewismi@forbes.com,South Korea,141.134.131.66,hwalkermi
812,Howard,Sims,hsimsmj@seattletimes.com,Canada,91.68.125.170,hsimsmj
813,Tina,Ryan,tryanmk@gmpg.org,Latvia,118.175.131.138,tryanmk
814,Gregory,Berry,gberryml@free.fr,Benin,163.141.111.194,gberryml
815,Dorothy,,dhayesmm@vkontakte.ru,France,95.7.84.231,dpattersonmm
816,Sharon,Warren,swarrenmn@huffingtonpost.com,Brazil,105.237.138.57,swarrenmn
817,Sharon,Hill,shillmo@illinois.edu,China,226.148.109.212,shillmo
818,Anna,Elliott,aelliottmp@ca.gov,Portugal,27.218.130.173,aelliottmp
819,Jean,Hanson,jhansonmq@bbc.co.uk,South Africa,176.4.165.39,jhansonmq
820,Douglas,Snyder,dsnydermr@senate.gov,China,34.101.73.107,dsnydermr
821,Alice,Gray,agrayms@qq.com,China,148.11.162.18,agrayms
822,Brenda,,bcoopermt@chronoengine.com,France,221.98.145.162,bhansonmt
823,Keith,Myers,kmyersmu@telegraph.co.uk,Guatemala,32.3.115.183,kmyersmu
824,Jesse,Edwards,jedwardsmv@google.co.uk,Indonesia,83.71.152.218,jedwardsmv
825,James,,jcoxmw@alexa.com,China,63.42.100.239,jriveramw
826,Barbara,,bortizmx@slashdot.org,Chile,34.48.67.69,bhudsonmx
827,Harry,Williamson,hwilliamsonmy@google.com.hk,Armenia,109.69.204.248,hwilliamsonmy
828,Richard,Vasquez,rvasquezmz@networkadvertising.org,Russia,26.254.147.117,rvasquezmz
829,Donna,,drichardsonn0@cnet.com,Ecuador,173.65.83.230,dbaileyn0
830,Clarence,Butler,cbutlern1@webmd.com,Sweden,153.55.22.17,cbutlern1
831,Maria,Holmes,mholmesn2@gravatar.com,United States,231.154.121.115,mholmesn2
832,Brandon,Dixon,bdixonn3@miibeian.gov.cn,Thailand,98.118.193.109,bdixonn3
833,Randy,Snyder,rsnydern4@springer.com,Russia,204.82.18.144,rsnydern4
834,Larry,,lfreemann5@google.cn,China,181.144.79.163,lmendozan5
835,Katherine,Turner,kturnern6@prweb.com,Portugal,149.236.212.140,kturnern6
836,Frances,,frosen7@acquirethisname.com,Tanzania,82.152.212.124,fdixonn7
837,Paula,Simmons,psimmonsn8@about.com,Russia,95.134.250.139,psimmonsn8
838,Frank,Allen,fallenn9@rambler.ru,China,192.201.72.253,fallenn9
839,Wanda,Boyd,wboydna@naver.com,Portugal,234.54.131.235,wboydna
840,Amy,Robinson,arobinsonnb@ucoz.ru,Slovenia,145.224.123.212,arobinsonnb
841,Roy,Carr,rcarrnc@mtv.com,China,104.32.76.202,rcarrnc
842,Randy,Perez,rpereznd@sohu.com,Ukraine,76.255.228.44,rpereznd
843,Ruth,,rbakerne@devhub.com,Indonesia,89.97.175.74,ryoungne
844,Steve,Burke,sburkenf@prweb.com,Norway,194.9.86.73,sburkenf
845,Ronald,Rice,rriceng@posterous.com,Czech Republic,116.91.92.230,rriceng
846,Tammy,Roberts,trobertsnh@twitpic.com,Russia,22.109.26.137,trobertsnh
847,Adam,,agutierrezni@mapy.cz,Indonesia,190.241.88.154,adeanni
848,Paula,,polsonnj@shutterfly.com,Philippines,244.106.60.124,pmendozanj
849,Henry,Larson,hlarsonnk@yellowbook.com,Russia,44.129.71.216,hlarsonnk
850,Virginia,Mitchell,vmitchellnl@theglobeandmail.com,Brazil,157.141.76.241,vmitchellnl
851,Donna,Freeman,dfreemannm@yelp.com,France,225.45.100.125,dfreemannm
852,Gerald,Riley,grileynn@washingtonpost.com,China,212.24.202.103,grileynn
853,Nicholas,,nwoodsno@purevolume.com,Greece,212.169.191.35,nreyesno
854,Paula,Long,plongnp@chicagotribune.com,Azerbaijan,98.174.223.160,plongnp
855,Bobby,Kelley,bkelleynq@columbia.edu,Mongolia,72.23.163.238,bkelleynq
856,Annie,Harris,aharrisnr@springer.com,Poland,117.17.255.238,aharrisnr
857,Patricia,Adams,padamsns@wsj.com,China,99.206.182.234,padamsns
858,Aaron,,agarciant@icq.com,Peru,46.30.27.40,agrahamnt
859,William,Palmer,wpalmernu@nytimes.com,China,188.7.58.151,wpalmernu
860,Roger,Lawson,rlawsonnv@digg.com,China,137.46.183.148,rlawsonnv
861,Rachel,Kennedy,rkennedynw@addthis.com,Nigeria,119.241.27.22,rkennedynw
862,Lillian,Perry,lperrynx@typepad.com,China,236.245.69.50,lperrynx
863,Cheryl,Roberts,crobertsny@github.io,Greece,202.113.44.106,crobertsny
864,Carolyn,,cwebbnz@bizjournals.com,Palestinian Territory,244.212.251.242,cdaynz
865,Gary,Flores,gfloreso0@phoca.cz,Russia,163.207.238.96,gfloreso0
866,Angela,Harvey,aharveyo1@last.fm,Ecuador,165.2.53.23,aharveyo1
867,John,,jcarrollo2@clickbank.net,China,100.20.131.255,jrichardso2
868,Lois,Hansen,lhanseno3@wikimedia.org,China,157.66.93.12,lhanseno3
869,Marilyn,Bradley,mbradleyo4@163.com,France,202.168.125.193,mbradleyo4
870,Lois,Spencer,lspencero5@cisco.com,China,182.78.81.84,lspencero5
871,Margaret,Watson,mwatsono6@wix.com,Indonesia,116.15.79.87,mwatsono6
872,Lawrence,Jordan,ljordano7@jimdo.com,Ivory Coast,151.156.46.142,ljordano7
873,Brandon,Morgan,bmorgano8@edublogs.org,Portugal,201.245.234.253,bmorgano8
874,Jimmy,Hawkins,jhawkinso9@mail.ru,Greece,118.131.5.239,jhawkinso9
875,Christina,Romero,cromerooa@drupal.org,Sweden,32.22.98.64,cromerooa
876,Earl,Mccoy,emccoyob@domainmarket.com,Armenia,113.175.13.255,emccoyob
877,Jeremy,Wood,jwoodoc@cafepress.com,China,78.66.221.102,jwoodoc
878,Christina,Andrews,candrewsod@nature.com,Japan,146.2.20.251,candrewsod
879,Helen,Reyes,hreyesoe@unc.edu,Russia,86.155.67.70,hreyesoe
880,Douglas,,dbarnesof@hatena.ne.jp,Philippines,43.153.41.33,dbryantof
881,Jack,Perkins,jperkinsog@nature.com,Indonesia,24.60.235.215,jperkinsog
882,Jacqueline,,jandersonoh@hubpages.com,Austria,137.178.63.119,jlarsonoh
883,Anthony,Rodriguez,arodriguezoi@npr.org,Bangladesh,68.102.25.134,arodriguezoi
884,Christopher,,cburnsoj@artisteer.com,South Africa,97.202.1.246,cdixonoj
885,Barbara,Butler,bbutlerok@bandcamp.com,Russia,77.218.61.180,bbutlerok
886,Rachel,Willis,rwillisol@typepad.com,Mongolia,75.162.9.245,rwillisol
887,Larry,Welch,lwelchom@scribd.com,Indonesia,182.151.169.125,lwelchom
888,Jose,,jfloreson@odnoklassniki.ru,Argentina,29.31.107.149,jmendozaon
889,Nicole,Kennedy,nkennedyoo@e-recht24.de,Thailand,17.226.64.208,nkennedyoo
890,Billy,Matthews,bmatthewsop@xinhuanet.com,Serbia,229.156.99.171,bmatthewsop
891,Carl,Franklin,cfranklinoq@va.gov,Indonesia,0.122.197.197,cfranklinoq
892,Peter,,pandersonor@flavors.me,Indonesia,176.131.133.223,pmurrayor
893,Nicholas,Weaver,nweaveros@live.com,Hungary,196.229.70.38,nweaveros
894,Brandon,,bhawkinsot@uol.com.br,Estonia,227.166.151.83,bhartot
895,Gloria,Howard,ghowardou@timesonline.co.uk,China,93.107.183.28,ghowardou
896,Betty,Barnes,bbarnesov@weebly.com,Brazil,46.229.134.65,bbarnesov
897,Kathryn,,kbanksow@mapquest.com,Uruguay,195.212.217.56,ksimpsonow
898,Christopher,Kennedy,ckennedyox@t-online.de,China,237.14.163.17,ckennedyox
899,Carlos,Snyder,csnyderoy@businessweek.com,Russia,69.164.121.228,csnyderoy
900,Chris,Flores,cfloresoz@fc2.com,Ireland,30.50.42.127,cfloresoz
901,Janice,,jwebbp0@1688.com,Ukraine,179.72.6.131,jhenryp0
902,Albert,,aweaverp1@toplist.cz,Philippines,83.175.251.51,ataylorp1
903,Douglas,James,djamesp2@ucoz.ru,China,120.6.0.58,djamesp2
904,Anna,Wright,awrightp3@ihg.com,Czech Republic,109.245.20.165,awrightp3
905,Harry,Henry,hhenryp4@sina.com.cn,Egypt,97.238.88.225,hhenryp4
906,Martin,,mgreenep5@who.int,Russia,246.227.76.227,mperezp5
907,Thomas,West,twestp6@liveinternet.ru,Sweden,58.214.103.138,twestp6
908,Jesse,Andrews,jandrewsp7@sciencedirect.com,Sweden,110.62.133.192,jandrewsp7
909,Jonathan,Richards,jrichardsp8@weebly.com,Tanzania,3.175.77.163,jrichardsp8
910,Daniel,Roberts,drobertsp9@parallels.com,France,101.137.231.148,drobertsp9
911,Steve,,swrightpa@reuters.com,China,35.188.148.223,sfullerpa
912,Ralph,Porter,rporterpb@nasa.gov,Tanzania,232.235.218.183,rporterpb
913,Mildred,Torres,mtorrespc@dmoz.org,Syria,32.19.145.180,mtorrespc
914,Ernest,Medina,emedinapd@latimes.com,Chile,141.11.16.100,emedinapd
915,Kelly,Mills,kmillspe@woothemes.com,Pakistan,167.16.184.88,kmillspe
916,Stephanie,Tucker,stuckerpf@senate.gov,China,183.74.74.49,stuckerpf
917,Joan,,jcollinspg@nyu.edu,China,63.24.175.203,jcarrollpg
918,Melissa,Burns,mburnsph@intel.com,Slovenia,171.232.98.200,mburnsph
919,Craig,Stewart,cstewartpi@apple.com,China,69.225.205.189,cstewartpi
920,Antonio,Ellis,aellispj@example.com,Bangladesh,184.101.89.56,aellispj
921,Kathy,Daniels,kdanielspk@weibo.com,Japan,48.181.4.156,kdanielspk
922,Kelly,Hudson,khudsonpl@timesonline.co.uk,Sweden,109.119.79.111,khudsonpl
923,Timothy,,twillispm@hubpages.com,Thailand,109.56.45.14,twrightpm
924,Barbara,Barnes,bbarnespn@squarespace.com,United States,54.92.113.65,bbarnespn
925,Richard,Burton,rburtonpo@engadget.com,China,30.151.241.7,rburtonpo
926,Ann,Robinson,arobinsonpp@imgur.com,Hungary,207.165.32.4,arobinsonpp
927,Louise,Watson,lwatsonpq@oracle.com,Brazil,200.65.250.246,lwatsonpq
928,David,,drussellpr@yandex.ru,Slovenia,236.195.108.139,dmatthewspr
929,Sharon,Torres,storresps@furl.net,Peru,158.79.144.85,storresps
930,Samuel,,sgutierrezpt@trellian.com,China,153.247.154.190,stuckerpt
931,Gregory,Little,glittlepu@pbs.org,China,83.77.197.130,glittlepu
932,Larry,Baker,lbakerpv@vkontakte.ru,Portugal,87.111.241.105,lbakerpv
933,Lisa,Ortiz,lortizpw@bizjournals.com,Brazil,241.122.179.34,lortizpw
934,Paula,Lee,pleepx@livejournal.com,China,108.42.39.100,pleepx
935,Joan,Robinson,jrobinsonpy@columbia.edu,United States,147.169.198.211,jrobinsonpy
936,Peter,,pgarrettpz@washington.edu,Bahrain,63.250.108.2,pcastillopz
937,Fred,Walker,fwalkerq0@bigcartel.com,Kosovo,103.232.182.253,fwalkerq0
938,Jerry,,jwoodsq1@kickstarter.com,Portugal,196.196.213.25,jhowardq1
939,Andrew,Moreno,amorenoq2@fema.gov,Russia,26.33.49.189,amorenoq2
940,Bonnie,Bennett,bbennettq3@nsw.gov.au,Russia,210.102.56.208,bbennettq3
941,Judith,Stanley,jstanleyq4@nymag.com,Russia,58.191.80.137,jstanleyq4
942,Theresa,Hunter,thunterq5@wikimedia.org,Portugal,218.73.176.13,thunterq5
943,Ronald,Olson,rolsonq6@columbia.edu,Democratic Republic of the Congo,203.133.110.65,rolsonq6
944,Marilyn,,mhamiltonq7@biglobe.ne.jp,Indonesia,180.203.63.245,mlaneq7
945,Evelyn,,efieldsq8@scribd.com,Ukraine,202.229.237.117,ehernandezq8
946,Chris,Chavez,cchavezq9@google.de,China,234.253.185.213,cchavezq9
947,Andrea,Welch,awelchqa@soup.io,Mongolia,174.111.10.157,awelchqa
948,Maria,,mdiazqb@state.gov,Uganda,109.97.21.28,malvarezqb
949,Antonio,Romero,aromeroqc@desdev.cn,Philippines,46.111.133.215,aromeroqc
950,Jane,Ford,jfordqd@time.com,China,4.55.237.61,jfordqd
951,Matthew,Murray,mmurrayqe@dmoz.org,China,123.5.108.108,mmurrayqe
952,Juan,Howell,jhowellqf@msn.com,Indonesia,250.57.81.173,jhowellqf
953,Gerald,Phillips,gphillipsqg@oracle.com,United States,176.226.157.115,gphillipsqg
954,Nicole,White,nwhiteqh@vk.com,Kiribati,121.102.180.62,nwhiteqh
955,Antonio,Rodriguez,arodriguezqi@fema.gov,Argentina,29.66.37.32,arodriguezqi
956,Doris,Nguyen,dnguyenqj@utexas.edu,Japan,230.242.138.248,dnguyenqj
957,Barbara,Mitchell,bmitchellqk@dropbox.com,Indonesia,214.209.241.76,bmitchellqk
958,Nicole,,npetersonql@hhs.gov,Russia,12.57.196.42,nbrooksql
959,Julie,Ross,jrossqm@umich.edu,Philippines,209.236.77.95,jrossqm
960,Justin,Rivera,jriveraqn@yahoo.com,Indonesia,166.103.117.15,jriveraqn
961,Antonio,,apowellqo@nymag.com,Philippines,8.198.31.72,aperezqo
962,Andrea,Welch,awelchqp@facebook.com,Peru,20.215.185.247,awelchqp
963,Cheryl,Chavez,cchavezqq@epa.gov,United States,14.202.57.150,cchavezqq
964,Beverly,Ward,bwardqr@yandex.ru,China,237.45.92.125,bwardqr
965,Eric,,eboydqs@jigsy.com,Indonesia,133.50.31.206,eoliverqs
966,Victor,,vmatthewsqt@networksolutions.com,China,183.182.101.78,vrodriguezqt
967,Carol,Carroll,ccarrollqu@parallels.com,Thailand,242.233.77.52,ccarrollqu
968,Antonio,Rogers,arogersqv@forbes.com,Sweden,8.10.222.83,arogersqv
969,Sean,,smccoyqw@cloudflare.com,United States,152.94.214.219,sandersonqw
970,Joe,Marshall,jmarshallqx@nsw.gov.au,China,232.190.219.43,jmarshallqx
971,Phyllis,,pmurrayqy@cdc.gov,Austria,253.108.105.206,phunterqy
972,Sara,Jackson,sjacksonqz@slate.com,China,41.244.90.203,sjacksonqz
973,Gloria,Elliott,gelliottr0@google.com,Philippines,130.36.166.133,gelliottr0
974,Martha,Banks,mbanksr1@wikimedia.org,Georgia,63.172.60.139,mbanksr1
975,Jacqueline,Snyder,jsnyderr2@uol.com.br,Iran,186.252.226.55,jsnyderr2
976,Paula,Freeman,pfreemanr3@netlog.com,Russia,26.130.60.137,pfreemanr3
977,Cynthia,Romero,cromeror4@acquirethisname.com,Croatia,197.107.213.70,cromeror4
978,Ruth,Fox,rfoxr5@japanpost.jp,Indonesia,255.54.123.100,rfoxr5
979,Emily,Miller,emillerr6@nymag.com,China,180.252.142.132,emillerr6
980,Christine,,cmorganr7@tripadvisor.com,China,27.95.243.69,clopezr7
981,Marilyn,,mporterr8@economist.com,Colombia,58.34.89.122,mfergusonr8
982,Laura,,lwrightr9@cocolog-nifty.com,Finland,220.18.134.212,lwilliamsonr9
983,Mary,Harrison,mharrisonra@meetup.com,Albania,128.92.126.176,mharrisonra
984,Barbara,Gray,bgrayrb@google.com,Philippines,174.246.221.78,bgrayrb
985,Sara,Dunn,sdunnrc@domainmarket.com,Indonesia,166.151.12.110,sdunnrc
986,Jeremy,Weaver,jweaverrd@home.pl,Papua New Guinea,31.3.3.110,jweaverrd
987,Steve,Berry,sberryre@paypal.com,Indonesia,236.182.13.46,sberryre
988,Patrick,Franklin,pfranklinrf@angelfire.com,Nigeria,43.54.137.149,pfranklinrf
989,Victor,Hunter,vhunterrg@slashdot.org,Greece,20.170.225.40,vhunterrg
990,Timothy,Dean,tdeanrh@so-net.ne.jp,China,21.251.246.90,tdeanrh
991,Norma,Patterson,npattersonri@dell.com,Canada,2.118.73.191,npattersonri
992,Janice,,jgrantrj@sciencedirect.com,Sint Maarten,60.69.35.32,jwelchrj
993,Jose,Perry,jperryrk@columbia.edu,Philippines,175.103.167.9,jperryrk
994,Judy,Anderson,jandersonrl@exblog.jp,Philippines,86.224.123.49,jandersonrl
995,Laura,Sims,lsimsrm@about.com,Czech Republic,176.19.69.84,lsimsrm
996,Karen,,kgarciarn@archive.org,Afghanistan,230.183.134.194,klynchrn
997,Michelle,Castillo,mcastilloro@biblegateway.com,Burkina Faso,12.54.197.214,mcastilloro
998,Sean,,smillerrp@furl.net,Pakistan,73.147.52.20,sromerorp
999,Kathryn,Armstrong,karmstrongrq@google.es,China,185.194.252.169,karmstrongrq
1000,Helen,Peterson,hpetersonrr@squidoo.com,Germany,255.221.105.96,hpetersonrr
